evidence_level,subset,rul_threshold_tau,late_tolerance_epsilon,mean_difference_ocm_minus_rast,nominal_crossed_ci95_low,nominal_crossed_ci95_high,centered_bootstrap_p,bootstrap_p_mcse,exact_seed_signflip_p,eligible_engine_count,bootstrap_repetitions,holm_adjusted_p_all80,sensitivity_decision
RETROSPECTIVE ENDPOINT SENSITIVITY,FD001,20.0,0.0,-0.05,-0.24000000000000005,0.1,0.5813418658134186,0.004933144686196593,0.75,16,10000,1.0,no adjusted evidence
RETROSPECTIVE ENDPOINT SENSITIVITY,FD001,20.0,0.5,-0.0125,-0.16666666666666669,0.12,0.8871112888711129,0.0031644088949579715,1.0,16,10000,1.0,no adjusted evidence
RETROSPECTIVE ENDPOINT SENSITIVITY,FD001,20.0,1.0,0.0,-0.12,0.09999999999999999,1.0,0.0,1.0,16,10000,1.0,no adjusted evidence
RETROSPECTIVE ENDPOINT SENSITIVITY,FD001,20.0,2.0,0.0,-0.054570707070707054,0.05714285714285714,1.0,0.0,1.0,16,10000,1.0,no adjusted evidence
RETROSPECTIVE ENDPOINT SENSITIVITY,FD001,20.0,5.0,0.0,0.0,0.0,1.0,0.0,1.0,16,10000,1.0,no adjusted evidence
RETROSPECTIVE ENDPOINT SENSITIVITY,FD001,30.0,0.0,-0.04,-0.22001724137931036,0.11002777777777739,0.628937106289371,0.0048306509647559935,0.75,25,10000,1.0,no adjusted evidence
RETROSPECTIVE ENDPOINT SENSITIVITY,FD001,30.0,0.5,-0.031999999999999994,-0.17000925925925928,0.07272727272727272,0.622937706229377,0.0048462648927153065,1.0,25,10000,1.0,no adjusted evidence
RETROSPECTIVE ENDPOINT SENSITIVITY,FD001,30.0,1.0,-0.016,-0.1111111111111111,0.07058823529411765,0.7413258674132587,0.004378842900265926,0.8125,25,10000,1.0,no adjusted evidence
RETROSPECTIVE ENDPOINT SENSITIVITY,FD001,30.0,2.0,0.0,-0.048,0.04444444444444444,1.0,0.0,1.0,25,10000,1.0,no adjusted evidence
RETROSPECTIVE ENDPOINT SENSITIVITY,FD001,30.0,5.0,0.0,0.0,0.0,1.0,0.0,1.0,25,10000,1.0,no adjusted evidence
RETROSPECTIVE ENDPOINT SENSITIVITY,FD001,40.0,0.0,-0.04285714285714286,-0.2,0.09375,0.5669433056694331,0.004954735557238213,0.6875,28,10000,1.0,no adjusted evidence
RETROSPECTIVE ENDPOINT SENSITIVITY,FD001,40.0,0.5,-0.03571428571428571,-0.15833333333333333,0.06,0.5308469153084692,0.004990226101685235,0.75,28,10000,1.0,no adjusted evidence
RETROSPECTIVE ENDPOINT SENSITIVITY,FD001,40.0,1.0,-0.02142857142857143,-0.10667857142857141,0.05454545454545454,0.6005399460053995,0.0048976293498383784,0.625,28,10000,1.0,no adjusted evidence
RETROSPECTIVE ENDPOINT SENSITIVITY,FD001,40.0,2.0,-0.007142857142857143,-0.059259259259259255,0.034782608695652174,0.8082191780821918,0.003936819016901416,1.0,28,10000,1.0,no adjusted evidence
RETROSPECTIVE ENDPOINT SENSITIVITY,FD001,40.0,5.0,-0.007142857142857143,-0.04,0.0,0.7741225877412259,0.004181379233671088,1.0,28,10000,1.0,no adjusted evidence
RETROSPECTIVE ENDPOINT SENSITIVITY,FD001,50.0,0.0,-0.07272727272727272,-0.23225806451612904,0.06666666666666668,0.3350664933506649,0.004719901068012569,0.375,33,10000,1.0,no adjusted evidence
RETROSPECTIVE ENDPOINT SENSITIVITY,FD001,50.0,0.5,-0.060606060606060594,-0.19333333333333333,0.0439159891598914,0.32966703329667035,0.004700687013571982,0.4375,33,10000,1.0,no adjusted evidence
RETROSPECTIVE ENDPOINT SENSITIVITY,FD001,50.0,1.0,-0.048484848484848485,-0.15,0.03333333333333334,0.30686931306869314,0.004611716273129318,0.375,33,10000,1.0,no adjusted evidence
RETROSPECTIVE ENDPOINT SENSITIVITY,FD001,50.0,2.0,-0.024242424242424242,-0.09762195121951216,0.03125,0.44745525447455253,0.004972065247810385,0.5,33,10000,1.0,no adjusted evidence
RETROSPECTIVE ENDPOINT SENSITIVITY,FD001,50.0,5.0,0.0,-0.032432432432432434,0.039999999999999994,1.0,0.0,1.0,33,10000,1.0,no adjusted evidence
RETROSPECTIVE ENDPOINT SENSITIVITY,FD002,20.0,0.0,-0.041509433962264156,-0.16666666666666663,0.06521739130434784,0.48005199480051997,0.004995769403971963,0.625,53,10000,1.0,no adjusted evidence
RETROSPECTIVE ENDPOINT SENSITIVITY,FD002,20.0,0.5,-0.03396226415094339,-0.1411764705882353,0.05660377358490566,0.4961503849615039,0.004999601828602062,0.75,53,10000,1.0,no adjusted evidence
RETROSPECTIVE ENDPOINT SENSITIVITY,FD002,20.0,1.0,-0.033962264150943396,-0.1103448275862069,0.032653061224489785,0.3454654534546545,0.004754960192026814,0.4375,53,10000,1.0,no adjusted evidence
RETROSPECTIVE ENDPOINT SENSITIVITY,FD002,20.0,2.0,-0.022641509433962266,-0.06923076923076923,0.011116352201257784,0.28787121287871215,0.004527481414500701,0.5,53,10000,1.0,no adjusted evidence
RETROSPECTIVE ENDPOINT SENSITIVITY,FD002,20.0,5.0,-0.007547169811320755,-0.032786885245901634,0.0,0.5895410458954105,0.004918924732900759,1.0,53,10000,1.0,no adjusted evidence
RETROSPECTIVE ENDPOINT SENSITIVITY,FD002,30.0,0.0,-0.03606557377049181,-0.15385245901639347,0.06545454545454545,0.5201479852014799,0.0049956891594868345,0.6875,61,10000,1.0,no adjusted evidence
RETROSPECTIVE ENDPOINT SENSITIVITY,FD002,30.0,0.5,-0.029508196721311476,-0.1296296296296296,0.0518555555555555,0.5308469153084692,0.004990226101685235,0.75,61,10000,1.0,no adjusted evidence
RETROSPECTIVE ENDPOINT SENSITIVITY,FD002,30.0,1.0,-0.02622950819672131,-0.09818341307814991,0.031578947368421054,0.42025797420257976,0.004935755743925745,0.5,61,10000,1.0,no adjusted evidence
RETROSPECTIVE ENDPOINT SENSITIVITY,FD002,30.0,2.0,-0.022950819672131147,-0.06956851119894597,0.009681385510311946,0.2695730426957304,0.004437158200634714,0.5,61,10000,1.0,no adjusted evidence
RETROSPECTIVE ENDPOINT SENSITIVITY,FD002,30.0,5.0,-0.006557377049180328,-0.029032258064516127,0.0,0.5891410858914109,0.004919651042906561,1.0,61,10000,1.0,no adjusted evidence
RETROSPECTIVE ENDPOINT SENSITIVITY,FD002,40.0,0.0,-0.04533333333333334,-0.1492957746478873,0.04415584415584414,0.36226377362263773,0.004806304519900773,0.5,75,10000,1.0,no adjusted evidence
RETROSPECTIVE ENDPOINT SENSITIVITY,FD002,40.0,0.5,-0.039999999999999994,-0.13333333333333336,0.033333333333333326,0.35636436356364365,0.004789006884089717,0.75,75,10000,1.0,no adjusted evidence
RETROSPECTIVE ENDPOINT SENSITIVITY,FD002,40.0,1.0,-0.04,-0.11176719840478562,0.017391304347826084,0.21637836216378362,0.004117545535508565,0.3125,75,10000,1.0,no adjusted evidence
RETROSPECTIVE ENDPOINT SENSITIVITY,FD002,40.0,2.0,-0.034666666666666665,-0.09166911764705885,0.006666666666666661,0.16578342165783422,0.0037186751702216925,0.25,75,10000,1.0,no adjusted evidence
RETROSPECTIVE ENDPOINT SENSITIVITY,FD002,40.0,5.0,-0.018666666666666665,-0.047368421052631574,0.0,0.17298270172982702,0.0037821340813602488,0.125,75,10000,1.0,no adjusted evidence
RETROSPECTIVE ENDPOINT SENSITIVITY,FD002,50.0,0.0,-0.05454545454545455,-0.14857509157509155,0.02750398936170208,0.22397760223977603,0.00416886383213755,0.5,88,10000,1.0,no adjusted evidence
RETROSPECTIVE ENDPOINT SENSITIVITY,FD002,50.0,0.5,-0.04772727272727273,-0.12809416218856862,0.019565217391304346,0.20367963203679632,0.004027133244976863,0.375,88,10000,1.0,no adjusted evidence
RETROSPECTIVE ENDPOINT SENSITIVITY,FD002,50.0,1.0,-0.05,-0.10967938630999213,1.422473250300477e-17,0.0780921907809219,0.002683031901781491,0.0625,88,10000,1.0,no adjusted evidence
RETROSPECTIVE ENDPOINT SENSITIVITY,FD002,50.0,2.0,-0.04090909090909091,-0.0860819453697535,-0.002630724538619296,0.052394760523947606,0.002228106486123863,0.0625,88,10000,1.0,no adjusted evidence
RETROSPECTIVE ENDPOINT SENSITIVITY,FD002,50.0,5.0,-0.02954545454545454,-0.06400256410256411,-0.002019696969696976,0.06569343065693431,0.002477330552404967,0.0625,88,10000,1.0,no adjusted evidence
RETROSPECTIVE ENDPOINT SENSITIVITY,FD003,20.0,0.0,0.04285714285714285,-0.09999999999999999,0.21335714285714255,0.5735426457354265,0.004945371801553225,0.75,14,10000,1.0,no adjusted evidence
RETROSPECTIVE ENDPOINT SENSITIVITY,FD003,20.0,0.5,0.04285714285714286,-0.05,0.16363636363636364,0.45185481451854814,0.004976517611617765,0.5,14,10000,1.0,no adjusted evidence
RETROSPECTIVE ENDPOINT SENSITIVITY,FD003,20.0,1.0,0.04285714285714286,-0.05,0.16363636363636364,0.45185481451854814,0.004976517611617765,0.5,14,10000,1.0,no adjusted evidence
RETROSPECTIVE ENDPOINT SENSITIVITY,FD003,20.0,2.0,0.04285714285714286,0.0,0.14545454545454545,0.36626337366263373,0.00481758555342129,0.5,14,10000,1.0,no adjusted evidence
RETROSPECTIVE ENDPOINT SENSITIVITY,FD003,20.0,5.0,0.0,0.0,0.0,1.0,0.0,1.0,14,10000,1.0,no adjusted evidence
RETROSPECTIVE ENDPOINT SENSITIVITY,FD003,30.0,0.0,0.039999999999999994,-0.07620879120879125,0.1875,0.5353464653534646,0.004987241269595198,0.625,20,10000,1.0,no adjusted evidence
RETROSPECTIVE ENDPOINT SENSITIVITY,FD003,30.0,0.5,0.04,-0.06666666666666667,0.16666666666666663,0.4771522847715228,0.0049945273710850545,0.5625,20,10000,1.0,no adjusted evidence
RETROSPECTIVE ENDPOINT SENSITIVITY,FD003,30.0,1.0,0.04,-0.06666666666666667,0.16666666666666663,0.4771522847715228,0.0049945273710850545,0.5625,20,10000,1.0,no adjusted evidence
RETROSPECTIVE ENDPOINT SENSITIVITY,FD003,30.0,2.0,0.04,-0.02857142857142857,0.14400000000000002,0.3691630836916308,0.004825540544740743,0.5,20,10000,1.0,no adjusted evidence
RETROSPECTIVE ENDPOINT SENSITIVITY,FD003,30.0,5.0,0.02,0.0,0.08571428571428572,0.5915408459154085,0.004915242760207268,0.5,20,10000,1.0,no adjusted evidence
RETROSPECTIVE ENDPOINT SENSITIVITY,FD003,40.0,0.0,0.026086956521739136,-0.08695652173913043,0.16153846153846155,0.67003299670033,0.004701772786574964,0.75,23,10000,1.0,no adjusted evidence
RETROSPECTIVE ENDPOINT SENSITIVITY,FD003,40.0,0.5,0.034782608695652174,-0.08148989898989897,0.15714285714285714,0.551044895510449,0.004973627264624481,0.6875,23,10000,1.0,no adjusted evidence
RETROSPECTIVE ENDPOINT SENSITIVITY,FD003,40.0,1.0,0.043478260869565216,-0.07692307692307693,0.17931034482758618,0.4804519548045195,0.004995927487840187,0.5625,23,10000,1.0,no adjusted evidence
RETROSPECTIVE ENDPOINT SENSITIVITY,FD003,40.0,2.0,0.043478260869565216,-0.045454545454545456,0.16153846153846155,0.388961103889611,0.004874901013258599,0.5,23,10000,1.0,no adjusted evidence
RETROSPECTIVE ENDPOINT SENSITIVITY,FD003,40.0,5.0,0.017391304347826087,0.0,0.07619047619047618,0.5875412458754125,0.0049225227174760355,0.5,23,10000,1.0,no adjusted evidence
RETROSPECTIVE ENDPOINT SENSITIVITY,FD003,50.0,0.0,0.013793103448275867,-0.13104433497536946,0.16970454545454539,0.8625137486251375,0.0034434274330275073,0.9375,29,10000,1.0,no adjusted evidence
RETROSPECTIVE ENDPOINT SENSITIVITY,FD003,50.0,0.5,0.027586206896551713,-0.12857142857142856,0.19166666666666665,0.7297270272972702,0.004440785655173238,0.8125,29,10000,1.0,no adjusted evidence
RETROSPECTIVE ENDPOINT SENSITIVITY,FD003,50.0,1.0,0.020689655172413793,-0.12002631578947369,0.17577540106951847,0.781921807819218,0.0041292014236598675,0.875,29,10000,1.0,no adjusted evidence
RETROSPECTIVE ENDPOINT SENSITIVITY,FD003,50.0,2.0,0.034482758620689655,-0.08461538461538462,0.17931034482758623,0.6024397560243976,0.004893691328341468,0.875,29,10000,1.0,no adjusted evidence
RETROSPECTIVE ENDPOINT SENSITIVITY,FD003,50.0,5.0,0.013793103448275862,-0.02941721132897603,0.07407407407407407,0.6303369663033697,0.004826893165559007,0.75,29,10000,1.0,no adjusted evidence
RETROSPECTIVE ENDPOINT SENSITIVITY,FD004,20.0,0.0,-0.125,-0.2523809523809524,-0.017142857142857126,0.039196080391960805,0.001940514933610669,0.0625,40,10000,1.0,no adjusted evidence
RETROSPECTIVE ENDPOINT SENSITIVITY,FD004,20.0,0.5,-0.11000000000000001,-0.2465116279069767,0.00740740740740739,0.0871912808719128,0.0028210105159587207,0.125,40,10000,1.0,no adjusted evidence
RETROSPECTIVE ENDPOINT SENSITIVITY,FD004,20.0,1.0,-0.10999999999999999,-0.23243243243243245,-0.008506205673758942,0.05699430056994301,0.0023182013763878347,0.0625,40,10000,1.0,no adjusted evidence
RETROSPECTIVE ENDPOINT SENSITIVITY,FD004,20.0,2.0,-0.05500000000000001,-0.16551724137931034,0.025641025641025633,0.2502749725027497,0.004331496840315366,0.375,40,10000,1.0,no adjusted evidence
RETROSPECTIVE ENDPOINT SENSITIVITY,FD004,20.0,5.0,-0.02,-0.07659574468085106,0.018181818181818174,0.41305869413058693,0.0049235857628049644,0.375,40,10000,1.0,no adjusted evidence
RETROSPECTIVE ENDPOINT SENSITIVITY,FD004,30.0,0.0,-0.11698113207547171,-0.21568885448916414,-0.029787234042553207,0.017298270172982702,0.0013037384817507075,0.0625,53,10000,1.0,no adjusted evidence
RETROSPECTIVE ENDPOINT SENSITIVITY,FD004,30.0,0.5,-0.10188679245283021,-0.22373083131557708,0.0,0.07019298070192981,0.0025545919482783566,0.0625,53,10000,1.0,no adjusted evidence
RETROSPECTIVE ENDPOINT SENSITIVITY,FD004,30.0,1.0,-0.0981132075471698,-0.2109090909090909,-0.006346726190476285,0.059394060593940604,0.002363489371207243,0.0625,53,10000,1.0,no adjusted evidence
RETROSPECTIVE ENDPOINT SENSITIVITY,FD004,30.0,2.0,-0.06415094339622643,-0.1686339869281046,0.013045260156806798,0.1601839816018398,0.0036675826163533585,0.1875,53,10000,1.0,no adjusted evidence
RETROSPECTIVE ENDPOINT SENSITIVITY,FD004,30.0,5.0,-0.03773584905660378,-0.09411764705882353,0.008510638297872339,0.14178582141785823,0.0034881289428459997,0.125,53,10000,1.0,no adjusted evidence
RETROSPECTIVE ENDPOINT SENSITIVITY,FD004,40.0,0.0,-0.08985507246376814,-0.17429220779220783,-0.014492753623188415,0.028597140285971403,0.0016666303188414698,0.0625,69,10000,1.0,no adjusted evidence
RETROSPECTIVE ENDPOINT SENSITIVITY,FD004,40.0,0.5,-0.08695652173913042,-0.18367622724765584,-0.006151515151515154,0.05349465053494651,0.0022500646681391104,0.0625,69,10000,1.0,no adjusted evidence
RETROSPECTIVE ENDPOINT SENSITIVITY,FD004,40.0,1.0,-0.08405797101449275,-0.17333823529411765,-0.010663157894736859,0.0451954804519548,0.0020772225240752915,0.0625,69,10000,1.0,no adjusted evidence
RETROSPECTIVE ENDPOINT SENSITIVITY,FD004,40.0,2.0,-0.06086956521739131,-0.15556372549019606,0.008002702702702617,0.14058594140585942,0.0034757654342537805,0.25,69,10000,1.0,no adjusted evidence
RETROSPECTIVE ENDPOINT SENSITIVITY,FD004,40.0,5.0,-0.043478260869565216,-0.10667241379310347,0.0054813546423135165,0.12148785121487851,0.003266770292413084,0.25,69,10000,1.0,no adjusted evidence
RETROSPECTIVE ENDPOINT SENSITIVITY,FD004,50.0,0.0,-0.07999999999999999,-0.1618034419001564,-0.008988764044943809,0.0405959404059594,0.0019734238173021146,0.0625,80,10000,1.0,no adjusted evidence
RETROSPECTIVE ENDPOINT SENSITIVITY,FD004,50.0,0.5,-0.075,-0.16579107830551995,0.0,0.07219278072192781,0.002587939058497958,0.0625,80,10000,1.0,no adjusted evidence
RETROSPECTIVE ENDPOINT SENSITIVITY,FD004,50.0,1.0,-0.0725,-0.15675675675675677,-0.004761904761904799,0.060493950604939506,0.002383878135941089,0.0625,80,10000,1.0,no adjusted evidence
RETROSPECTIVE ENDPOINT SENSITIVITY,FD004,50.0,2.0,-0.045000000000000005,-0.1308641975308642,0.01794871794871794,0.23967603239676033,0.004268643936547653,0.25,80,10000,1.0,no adjusted evidence
RETROSPECTIVE ENDPOINT SENSITIVITY,FD004,50.0,5.0,-0.04,-0.10126582278481013,0.011267605633802816,0.1573842615738426,0.0036414447086717187,0.25,80,10000,1.0,no adjusted evidence
