subset,model,display_name,seed,rul_threshold_tau,late_tolerance_epsilon,eligible_engine_count,late_event_count,late_event_rate,conditional_mean_exceedance,conditional_q95_exceedance,zero_inflated_mean_exceedance,conditional_severity_defined
FD001,rast_gru_v2,OCM-Asym,42,20.0,0.0,16,1,0.0625,0.7658424377441406,0.7658424377441406,0.04786515235900879,True
FD001,rast_gru_v2,OCM-Asym,42,20.0,0.5,16,1,0.0625,0.2658424377441406,0.2658424377441406,0.01661515235900879,True
FD001,rast_gru_v2,OCM-Asym,42,20.0,1.0,16,0,0.0,,,0.0,False
FD001,rast_gru_v2,OCM-Asym,42,20.0,2.0,16,0,0.0,,,0.0,False
FD001,rast_gru_v2,OCM-Asym,42,20.0,5.0,16,0,0.0,,,0.0,False
FD001,rast_gru_v2,OCM-Asym,42,30.0,0.0,25,2,0.08,0.48309612274169744,0.7375678062438963,0.03864768981933579,True
FD001,rast_gru_v2,OCM-Asym,42,30.0,0.5,25,1,0.04,0.2658424377441406,0.2658424377441406,0.010633697509765625,True
FD001,rast_gru_v2,OCM-Asym,42,30.0,1.0,25,0,0.0,,,0.0,False
FD001,rast_gru_v2,OCM-Asym,42,30.0,2.0,25,0,0.0,,,0.0,False
FD001,rast_gru_v2,OCM-Asym,42,30.0,5.0,25,0,0.0,,,0.0,False
FD001,rast_gru_v2,OCM-Asym,42,40.0,0.0,28,2,0.07142857142857142,0.48309612274169744,0.7375678062438963,0.03450686591012125,True
FD001,rast_gru_v2,OCM-Asym,42,40.0,0.5,28,1,0.03571428571428571,0.2658424377441406,0.2658424377441406,0.009494372776576452,True
FD001,rast_gru_v2,OCM-Asym,42,40.0,1.0,28,0,0.0,,,0.0,False
FD001,rast_gru_v2,OCM-Asym,42,40.0,2.0,28,0,0.0,,,0.0,False
FD001,rast_gru_v2,OCM-Asym,42,40.0,5.0,28,0,0.0,,,0.0,False
FD001,rast_gru_v2,OCM-Asym,42,50.0,0.0,33,2,0.06060606060606061,0.48309612274169744,0.7375678062438963,0.02927855289343621,True
FD001,rast_gru_v2,OCM-Asym,42,50.0,0.5,33,1,0.030303030303030304,0.2658424377441406,0.2658424377441406,0.008055831446792141,True
FD001,rast_gru_v2,OCM-Asym,42,50.0,1.0,33,0,0.0,,,0.0,False
FD001,rast_gru_v2,OCM-Asym,42,50.0,2.0,33,0,0.0,,,0.0,False
FD001,rast_gru_v2,OCM-Asym,42,50.0,5.0,33,0,0.0,,,0.0,False
FD001,rast_gru_v2,OCM-Asym,123,20.0,0.0,16,1,0.0625,0.652206420898441,0.652206420898441,0.040762901306152566,True
FD001,rast_gru_v2,OCM-Asym,123,20.0,0.5,16,1,0.0625,0.15220642089844105,0.15220642089844105,0.009512901306152566,True
FD001,rast_gru_v2,OCM-Asym,123,20.0,1.0,16,0,0.0,,,0.0,False
FD001,rast_gru_v2,OCM-Asym,123,20.0,2.0,16,0,0.0,,,0.0,False
FD001,rast_gru_v2,OCM-Asym,123,20.0,5.0,16,0,0.0,,,0.0,False
FD001,rast_gru_v2,OCM-Asym,123,30.0,0.0,25,1,0.04,0.652206420898441,0.652206420898441,0.026088256835937643,True
FD001,rast_gru_v2,OCM-Asym,123,30.0,0.5,25,1,0.04,0.15220642089844105,0.15220642089844105,0.006088256835937642,True
FD001,rast_gru_v2,OCM-Asym,123,30.0,1.0,25,0,0.0,,,0.0,False
FD001,rast_gru_v2,OCM-Asym,123,30.0,2.0,25,0,0.0,,,0.0,False
FD001,rast_gru_v2,OCM-Asym,123,30.0,5.0,25,0,0.0,,,0.0,False
FD001,rast_gru_v2,OCM-Asym,123,40.0,0.0,28,1,0.03571428571428571,0.652206420898441,0.652206420898441,0.02329308646065861,True
FD001,rast_gru_v2,OCM-Asym,123,40.0,0.5,28,1,0.03571428571428571,0.15220642089844105,0.15220642089844105,0.005435943603515752,True
FD001,rast_gru_v2,OCM-Asym,123,40.0,1.0,28,0,0.0,,,0.0,False
FD001,rast_gru_v2,OCM-Asym,123,40.0,2.0,28,0,0.0,,,0.0,False
FD001,rast_gru_v2,OCM-Asym,123,40.0,5.0,28,0,0.0,,,0.0,False
FD001,rast_gru_v2,OCM-Asym,123,50.0,0.0,33,2,0.06060606060606061,3.0616760253906268,5.230198669433594,0.18555612275094707,True
FD001,rast_gru_v2,OCM-Asym,123,50.0,0.5,33,2,0.06060606060606061,2.5616760253906268,4.730198669433594,0.15525309244791677,True
FD001,rast_gru_v2,OCM-Asym,123,50.0,1.0,33,1,0.030303030303030304,4.4711456298828125,4.4711456298828125,0.13548926151160037,True
FD001,rast_gru_v2,OCM-Asym,123,50.0,2.0,33,1,0.030303030303030304,3.4711456298828125,3.4711456298828125,0.10518623120857007,True
FD001,rast_gru_v2,OCM-Asym,123,50.0,5.0,33,1,0.030303030303030304,0.4711456298828125,0.4711456298828125,0.014277140299479166,True
FD001,rast_gru_v2,OCM-Asym,2024,20.0,0.0,16,3,0.1875,1.0798797607421875,1.4737892150878906,0.20247745513916016,True
FD001,rast_gru_v2,OCM-Asym,2024,20.0,0.5,16,2,0.125,0.9617958068847656,0.9752883911132812,0.1202244758605957,True
FD001,rast_gru_v2,OCM-Asym,2024,20.0,1.0,16,2,0.125,0.4617958068847656,0.47528839111328125,0.0577244758605957,True
FD001,rast_gru_v2,OCM-Asym,2024,20.0,2.0,16,0,0.0,,,0.0,False
FD001,rast_gru_v2,OCM-Asym,2024,20.0,5.0,16,0,0.0,,,0.0,False
FD001,rast_gru_v2,OCM-Asym,2024,30.0,0.0,25,4,0.16,1.536123275756836,2.6906438827514645,0.24577972412109375,True
FD001,rast_gru_v2,OCM-Asym,2024,30.0,0.5,25,3,0.12,1.4428151448567708,2.2620471954345702,0.1731378173828125,True
FD001,rast_gru_v2,OCM-Asym,2024,30.0,1.0,25,3,0.12,0.9428151448567709,1.7620471954345702,0.1131378173828125,True
FD001,rast_gru_v2,OCM-Asym,2024,30.0,2.0,25,1,0.04,0.9048538208007812,0.9048538208007812,0.03619415283203125,True
FD001,rast_gru_v2,OCM-Asym,2024,30.0,5.0,25,0,0.0,,,0.0,False
FD001,rast_gru_v2,OCM-Asym,2024,40.0,0.0,28,4,0.14285714285714285,1.536123275756836,2.6906438827514645,0.21944618225097656,True
FD001,rast_gru_v2,OCM-Asym,2024,40.0,0.5,28,3,0.10714285714285714,1.4428151448567708,2.2620471954345702,0.15458733694893972,True
FD001,rast_gru_v2,OCM-Asym,2024,40.0,1.0,28,3,0.10714285714285714,0.9428151448567709,1.7620471954345702,0.10101590837751116,True
FD001,rast_gru_v2,OCM-Asym,2024,40.0,2.0,28,1,0.03571428571428571,0.9048538208007812,0.9048538208007812,0.03231620788574219,True
FD001,rast_gru_v2,OCM-Asym,2024,40.0,5.0,28,0,0.0,,,0.0,False
FD001,rast_gru_v2,OCM-Asym,2024,50.0,0.0,33,5,0.15151515151515152,2.366473388671875,5.131269836425781,0.3585565740411932,True
FD001,rast_gru_v2,OCM-Asym,2024,50.0,0.5,33,4,0.12121212121212122,2.379079818725586,4.770420837402343,0.28837331136067706,True
FD001,rast_gru_v2,OCM-Asym,2024,50.0,1.0,33,4,0.12121212121212122,1.879079818725586,4.270420837402343,0.22776725075461648,True
FD001,rast_gru_v2,OCM-Asym,2024,50.0,2.0,33,2,0.06060606060606061,2.2963638305664062,3.5487228393554684,0.1391735654888731,True
FD001,rast_gru_v2,OCM-Asym,2024,50.0,5.0,33,1,0.030303030303030304,0.6878738403320312,0.6878738403320312,0.02084466182824337,True
FD001,rast_gru_v2,OCM-Asym,2025,20.0,0.0,16,2,0.125,1.9718170166015643,2.2078805923461915,0.24647712707519553,True
FD001,rast_gru_v2,OCM-Asym,2025,20.0,0.5,16,2,0.125,1.4718170166015643,1.7078805923461915,0.18397712707519553,True
FD001,rast_gru_v2,OCM-Asym,2025,20.0,1.0,16,2,0.125,0.9718170166015643,1.2078805923461915,0.12147712707519553,True
FD001,rast_gru_v2,OCM-Asym,2025,20.0,2.0,16,1,0.0625,0.23410987854003906,0.23410987854003906,0.014631867408752441,True
FD001,rast_gru_v2,OCM-Asym,2025,20.0,5.0,16,0,0.0,,,0.0,False
FD001,rast_gru_v2,OCM-Asym,2025,30.0,0.0,25,4,0.16,1.0673651695251483,2.1554220199584964,0.17077842712402372,True
FD001,rast_gru_v2,OCM-Asym,2025,30.0,0.5,25,2,0.08,1.4718170166015643,1.7078805923461915,0.11774536132812514,True
FD001,rast_gru_v2,OCM-Asym,2025,30.0,1.0,25,2,0.08,0.9718170166015643,1.2078805923461915,0.07774536132812514,True
FD001,rast_gru_v2,OCM-Asym,2025,30.0,2.0,25,1,0.04,0.23410987854003906,0.23410987854003906,0.009364395141601563,True
FD001,rast_gru_v2,OCM-Asym,2025,30.0,5.0,25,0,0.0,,,0.0,False
FD001,rast_gru_v2,OCM-Asym,2025,40.0,0.0,28,4,0.14285714285714285,1.0673651695251483,2.1554220199584964,0.15248073850359262,True
FD001,rast_gru_v2,OCM-Asym,2025,40.0,0.5,28,2,0.07142857142857142,1.4718170166015643,1.7078805923461915,0.10512978690011174,True
FD001,rast_gru_v2,OCM-Asym,2025,40.0,1.0,28,2,0.07142857142857142,0.9718170166015643,1.2078805923461915,0.06941550118582603,True
FD001,rast_gru_v2,OCM-Asym,2025,40.0,2.0,28,1,0.03571428571428571,0.23410987854003906,0.23410987854003906,0.008361067090715681,True
FD001,rast_gru_v2,OCM-Asym,2025,40.0,5.0,28,0,0.0,,,0.0,False
FD001,rast_gru_v2,OCM-Asym,2025,50.0,0.0,33,5,0.15151515151515152,2.4110080718994142,6.675285720825189,0.365304253318093,True
FD001,rast_gru_v2,OCM-Asym,2025,50.0,0.5,33,3,0.09090909090909091,3.4097379048665353,6.730432701110833,0.309976173169685,True
FD001,rast_gru_v2,OCM-Asym,2025,50.0,1.0,33,3,0.09090909090909091,2.9097379048665353,6.230432701110833,0.2645216277151396,True
FD001,rast_gru_v2,OCM-Asym,2025,50.0,2.0,33,2,0.06060606060606061,3.009844779968258,5.508006191253655,0.1824148351495914,True
FD001,rast_gru_v2,OCM-Asym,2025,50.0,5.0,33,1,0.030303030303030304,2.7855796813964773,2.7855796813964773,0.08441150549686295,True
FD001,rast_gru_v2,OCM-Asym,2026,20.0,0.0,16,0,0.0,,,0.0,False
FD001,rast_gru_v2,OCM-Asym,2026,20.0,0.5,16,0,0.0,,,0.0,False
FD001,rast_gru_v2,OCM-Asym,2026,20.0,1.0,16,0,0.0,,,0.0,False
FD001,rast_gru_v2,OCM-Asym,2026,20.0,2.0,16,0,0.0,,,0.0,False
FD001,rast_gru_v2,OCM-Asym,2026,20.0,5.0,16,0,0.0,,,0.0,False
FD001,rast_gru_v2,OCM-Asym,2026,30.0,0.0,25,0,0.0,,,0.0,False
FD001,rast_gru_v2,OCM-Asym,2026,30.0,0.5,25,0,0.0,,,0.0,False
FD001,rast_gru_v2,OCM-Asym,2026,30.0,1.0,25,0,0.0,,,0.0,False
FD001,rast_gru_v2,OCM-Asym,2026,30.0,2.0,25,0,0.0,,,0.0,False
FD001,rast_gru_v2,OCM-Asym,2026,30.0,5.0,25,0,0.0,,,0.0,False
FD001,rast_gru_v2,OCM-Asym,2026,40.0,0.0,28,0,0.0,,,0.0,False
FD001,rast_gru_v2,OCM-Asym,2026,40.0,0.5,28,0,0.0,,,0.0,False
FD001,rast_gru_v2,OCM-Asym,2026,40.0,1.0,28,0,0.0,,,0.0,False
FD001,rast_gru_v2,OCM-Asym,2026,40.0,2.0,28,0,0.0,,,0.0,False
FD001,rast_gru_v2,OCM-Asym,2026,40.0,5.0,28,0,0.0,,,0.0,False
FD001,rast_gru_v2,OCM-Asym,2026,50.0,0.0,33,1,0.030303030303030304,4.0503082275390625,4.0503082275390625,0.12273661295572917,True
FD001,rast_gru_v2,OCM-Asym,2026,50.0,0.5,33,1,0.030303030303030304,3.5503082275390625,3.5503082275390625,0.10758509780421402,True
FD001,rast_gru_v2,OCM-Asym,2026,50.0,1.0,33,1,0.030303030303030304,3.0503082275390625,3.0503082275390625,0.09243358265269887,True
FD001,rast_gru_v2,OCM-Asym,2026,50.0,2.0,33,1,0.030303030303030304,2.0503082275390625,2.0503082275390625,0.062130552349668564,True
FD001,rast_gru_v2,OCM-Asym,2026,50.0,5.0,33,0,0.0,,,0.0,False
FD001,rast_gru,RAST-GRU,42,20.0,0.0,16,1,0.0625,1.6712455749511719,1.6712455749511719,0.10445284843444824,True
FD001,rast_gru,RAST-GRU,42,20.0,0.5,16,1,0.0625,1.1712455749511719,1.1712455749511719,0.07320284843444824,True
FD001,rast_gru,RAST-GRU,42,20.0,1.0,16,1,0.0625,0.6712455749511719,0.6712455749511719,0.04195284843444824,True
FD001,rast_gru,RAST-GRU,42,20.0,2.0,16,0,0.0,,,0.0,False
FD001,rast_gru,RAST-GRU,42,20.0,5.0,16,0,0.0,,,0.0,False
FD001,rast_gru,RAST-GRU,42,30.0,0.0,25,1,0.04,1.6712455749511719,1.6712455749511719,0.06684982299804687,True
FD001,rast_gru,RAST-GRU,42,30.0,0.5,25,1,0.04,1.1712455749511719,1.1712455749511719,0.046849822998046874,True
FD001,rast_gru,RAST-GRU,42,30.0,1.0,25,1,0.04,0.6712455749511719,0.6712455749511719,0.026849822998046877,True
FD001,rast_gru,RAST-GRU,42,30.0,2.0,25,0,0.0,,,0.0,False
FD001,rast_gru,RAST-GRU,42,30.0,5.0,25,0,0.0,,,0.0,False
FD001,rast_gru,RAST-GRU,42,40.0,0.0,28,1,0.03571428571428571,1.6712455749511719,1.6712455749511719,0.05968734196254185,True
FD001,rast_gru,RAST-GRU,42,40.0,0.5,28,1,0.03571428571428571,1.1712455749511719,1.1712455749511719,0.041830199105398994,True
FD001,rast_gru,RAST-GRU,42,40.0,1.0,28,1,0.03571428571428571,0.6712455749511719,0.6712455749511719,0.023973056248256137,True
FD001,rast_gru,RAST-GRU,42,40.0,2.0,28,0,0.0,,,0.0,False
FD001,rast_gru,RAST-GRU,42,40.0,5.0,28,0,0.0,,,0.0,False
FD001,rast_gru,RAST-GRU,42,50.0,0.0,33,2,0.06060606060606061,2.1845226287841797,2.6464719772338867,0.13239531083540482,True
FD001,rast_gru,RAST-GRU,42,50.0,0.5,33,2,0.06060606060606061,1.6845226287841797,2.1464719772338867,0.10209228053237453,True
FD001,rast_gru,RAST-GRU,42,50.0,1.0,33,2,0.06060606060606061,1.1845226287841797,1.6464719772338867,0.07178925022934422,True
FD001,rast_gru,RAST-GRU,42,50.0,2.0,33,1,0.030303030303030304,0.6977996826171875,0.6977996826171875,0.02114544492779356,True
FD001,rast_gru,RAST-GRU,42,50.0,5.0,33,0,0.0,,,0.0,False
FD001,rast_gru,RAST-GRU,123,20.0,0.0,16,1,0.0625,1.9769601821899396,1.9769601821899396,0.12356001138687123,True
FD001,rast_gru,RAST-GRU,123,20.0,0.5,16,1,0.0625,1.4769601821899396,1.4769601821899396,0.09231001138687123,True
FD001,rast_gru,RAST-GRU,123,20.0,1.0,16,1,0.0625,0.9769601821899396,0.9769601821899396,0.06106001138687123,True
FD001,rast_gru,RAST-GRU,123,20.0,2.0,16,0,0.0,,,0.0,False
FD001,rast_gru,RAST-GRU,123,20.0,5.0,16,0,0.0,,,0.0,False
FD001,rast_gru,RAST-GRU,123,30.0,0.0,25,2,0.08,1.1389164924621555,1.893155813217161,0.09111331939697244,True
FD001,rast_gru,RAST-GRU,123,30.0,0.5,25,1,0.04,1.4769601821899396,1.4769601821899396,0.059078407287597584,True
FD001,rast_gru,RAST-GRU,123,30.0,1.0,25,1,0.04,0.9769601821899396,0.9769601821899396,0.03907840728759759,True
FD001,rast_gru,RAST-GRU,123,30.0,2.0,25,0,0.0,,,0.0,False
FD001,rast_gru,RAST-GRU,123,30.0,5.0,25,0,0.0,,,0.0,False
FD001,rast_gru,RAST-GRU,123,40.0,0.0,28,2,0.07142857142857142,1.1389164924621555,1.893155813217161,0.0813511780330111,True
FD001,rast_gru,RAST-GRU,123,40.0,0.5,28,1,0.03571428571428571,1.4769601821899396,1.4769601821899396,0.052748577935354986,True
FD001,rast_gru,RAST-GRU,123,40.0,1.0,28,1,0.03571428571428571,0.9769601821899396,0.9769601821899396,0.03489143507821213,True
FD001,rast_gru,RAST-GRU,123,40.0,2.0,28,0,0.0,,,0.0,False
FD001,rast_gru,RAST-GRU,123,40.0,5.0,28,0,0.0,,,0.0,False
FD001,rast_gru,RAST-GRU,123,50.0,0.0,33,3,0.09090909090909091,0.7689720789591453,1.8093514442443825,0.06990655263264958,True
FD001,rast_gru,RAST-GRU,123,50.0,0.5,33,1,0.030303030303030304,1.4769601821899396,1.4769601821899396,0.044756369157270895,True
FD001,rast_gru,RAST-GRU,123,50.0,1.0,33,1,0.030303030303030304,0.9769601821899396,0.9769601821899396,0.029604854005755746,True
FD001,rast_gru,RAST-GRU,123,50.0,2.0,33,0,0.0,,,0.0,False
FD001,rast_gru,RAST-GRU,123,50.0,5.0,33,0,0.0,,,0.0,False
FD001,rast_gru,RAST-GRU,2024,20.0,0.0,16,4,0.25,1.256457805633544,2.918922424316406,0.314114451408386,True
FD001,rast_gru,RAST-GRU,2024,20.0,0.5,16,2,0.125,1.8224601745605469,2.5893402099609375,0.22780752182006836,True
FD001,rast_gru,RAST-GRU,2024,20.0,1.0,16,2,0.125,1.3224601745605469,2.0893402099609375,0.16530752182006836,True
FD001,rast_gru,RAST-GRU,2024,20.0,2.0,16,1,0.0625,1.1745491027832031,1.1745491027832031,0.0734093189239502,True
FD001,rast_gru,RAST-GRU,2024,20.0,5.0,16,0,0.0,,,0.0,False
FD001,rast_gru,RAST-GRU,2024,30.0,0.0,25,5,0.2,1.113157653808593,2.83371353149414,0.2226315307617186,True
FD001,rast_gru,RAST-GRU,2024,30.0,0.5,25,3,0.12,1.228292465209961,2.504131317138672,0.1473950958251953,True
FD001,rast_gru,RAST-GRU,2024,30.0,1.0,25,2,0.08,1.3224601745605469,2.0893402099609375,0.10579681396484375,True
FD001,rast_gru,RAST-GRU,2024,30.0,2.0,25,1,0.04,1.1745491027832031,1.1745491027832031,0.04698196411132813,True
FD001,rast_gru,RAST-GRU,2024,30.0,5.0,25,0,0.0,,,0.0,False
FD001,rast_gru,RAST-GRU,2024,40.0,0.0,28,6,0.21428571428571427,1.9373728434244797,5.337473869323736,0.41515132359095996,True
FD001,rast_gru,RAST-GRU,2024,40.0,0.5,28,4,0.14285714285714285,2.310831546783449,5.125863838195806,0.3301187923976356,True
FD001,rast_gru,RAST-GRU,2024,40.0,1.0,28,3,0.10714285714285714,2.567789713541669,4.770058822631842,0.2751203264508931,True
FD001,rast_gru,RAST-GRU,2024,40.0,2.0,28,2,0.07142857142857142,2.6164989471435582,3.914253807067878,0.18689278193882558,True
FD001,rast_gru,RAST-GRU,2024,40.0,5.0,28,1,0.03571428571428571,1.0584487915039134,1.0584487915039134,0.037801742553711194,True
FD001,rast_gru,RAST-GRU,2024,50.0,0.0,33,10,0.30303030303030304,2.418471145629883,5.413733291625979,0.7328700441302676,True
FD001,rast_gru,RAST-GRU,2024,50.0,0.5,33,8,0.24242424242424243,2.4754750728607187,5.057003402709965,0.6001151691783561,True
FD001,rast_gru,RAST-GRU,2024,50.0,1.0,33,7,0.21212121212121213,2.3234062194824228,4.628638458251957,0.49284374352657456,True
FD001,rast_gru,RAST-GRU,2024,50.0,2.0,33,5,0.15151515151515152,2.1099182128906264,3.771908569335943,0.31968457771070097,True
FD001,rast_gru,RAST-GRU,2024,50.0,5.0,33,1,0.030303030303030304,1.0584487915039134,1.0584487915039134,0.03207420580314889,True
FD001,rast_gru,RAST-GRU,2025,20.0,0.0,16,0,0.0,,,0.0,False
FD001,rast_gru,RAST-GRU,2025,20.0,0.5,16,0,0.0,,,0.0,False
FD001,rast_gru,RAST-GRU,2025,20.0,1.0,16,0,0.0,,,0.0,False
FD001,rast_gru,RAST-GRU,2025,20.0,2.0,16,0,0.0,,,0.0,False
FD001,rast_gru,RAST-GRU,2025,20.0,5.0,16,0,0.0,,,0.0,False
FD001,rast_gru,RAST-GRU,2025,30.0,0.0,25,0,0.0,,,0.0,False
FD001,rast_gru,RAST-GRU,2025,30.0,0.5,25,0,0.0,,,0.0,False
FD001,rast_gru,RAST-GRU,2025,30.0,1.0,25,0,0.0,,,0.0,False
FD001,rast_gru,RAST-GRU,2025,30.0,2.0,25,0,0.0,,,0.0,False
FD001,rast_gru,RAST-GRU,2025,30.0,5.0,25,0,0.0,,,0.0,False
FD001,rast_gru,RAST-GRU,2025,40.0,0.0,28,0,0.0,,,0.0,False
FD001,rast_gru,RAST-GRU,2025,40.0,0.5,28,0,0.0,,,0.0,False
FD001,rast_gru,RAST-GRU,2025,40.0,1.0,28,0,0.0,,,0.0,False
FD001,rast_gru,RAST-GRU,2025,40.0,2.0,28,0,0.0,,,0.0,False
FD001,rast_gru,RAST-GRU,2025,40.0,5.0,28,0,0.0,,,0.0,False
FD001,rast_gru,RAST-GRU,2025,50.0,0.0,33,1,0.030303030303030304,5.582736968994141,5.582736968994141,0.16917384754527698,True
FD001,rast_gru,RAST-GRU,2025,50.0,0.5,33,1,0.030303030303030304,5.082736968994141,5.082736968994141,0.15402233239376184,True
FD001,rast_gru,RAST-GRU,2025,50.0,1.0,33,1,0.030303030303030304,4.582736968994141,4.582736968994141,0.13887081724224667,True
FD001,rast_gru,RAST-GRU,2025,50.0,2.0,33,1,0.030303030303030304,3.5827369689941406,3.5827369689941406,0.10856778693921638,True
FD001,rast_gru,RAST-GRU,2025,50.0,5.0,33,1,0.030303030303030304,0.5827369689941406,0.5827369689941406,0.017658696030125473,True
FD001,rast_gru,RAST-GRU,2026,20.0,0.0,16,5,0.3125,0.5167325973510742,0.7541263580322266,0.1614789366722107,True
FD001,rast_gru,RAST-GRU,2026,20.0,0.5,16,3,0.1875,0.21002769470214844,0.2581042289733887,0.03938019275665283,True
FD001,rast_gru,RAST-GRU,2026,20.0,1.0,16,0,0.0,,,0.0,False
FD001,rast_gru,RAST-GRU,2026,20.0,2.0,16,0,0.0,,,0.0,False
FD001,rast_gru,RAST-GRU,2026,20.0,5.0,16,0,0.0,,,0.0,False
FD001,rast_gru,RAST-GRU,2026,30.0,0.0,25,8,0.32,1.168725848197937,3.003578853607177,0.37399227142333985,True
FD001,rast_gru,RAST-GRU,2026,30.0,0.5,25,6,0.24,0.9827044804890951,2.6706318855285645,0.2358490753173828,True
FD001,rast_gru,RAST-GRU,2026,30.0,1.0,25,3,0.12,1.2553812662760417,2.4212114334106443,0.150645751953125,True
FD001,rast_gru,RAST-GRU,2026,30.0,2.0,25,1,0.04,1.5882644653320312,1.5882644653320312,0.06353057861328125,True
FD001,rast_gru,RAST-GRU,2026,30.0,5.0,25,0,0.0,,,0.0,False
FD001,rast_gru,RAST-GRU,2026,40.0,0.0,28,8,0.2857142857142857,1.168725848197937,3.003578853607177,0.3339216709136963,True
FD001,rast_gru,RAST-GRU,2026,40.0,0.5,28,6,0.21428571428571427,0.9827044804890951,2.6706318855285645,0.21057953153337752,True
FD001,rast_gru,RAST-GRU,2026,40.0,1.0,28,3,0.10714285714285714,1.2553812662760417,2.4212114334106443,0.13450513567243302,True
FD001,rast_gru,RAST-GRU,2026,40.0,2.0,28,1,0.03571428571428571,1.5882644653320312,1.5882644653320312,0.0567237309047154,True
FD001,rast_gru,RAST-GRU,2026,40.0,5.0,28,0,0.0,,,0.0,False
FD001,rast_gru,RAST-GRU,2026,50.0,0.0,33,11,0.3333333333333333,1.8656393397938116,4.996135711669922,0.6218797799312705,True
FD001,rast_gru,RAST-GRU,2026,50.0,0.5,33,9,0.2727272727272727,1.729828092787,4.777709960937499,0.4717712980328182,True
FD001,rast_gru,RAST-GRU,2026,50.0,1.0,33,6,0.18181818181818182,1.989728291829426,4.700071334838867,0.3617687803326229,True
FD001,rast_gru,RAST-GRU,2026,50.0,2.0,33,3,0.09090909090909091,2.4090118408203103,4.122432708740234,0.21900107643821,True
FD001,rast_gru,RAST-GRU,2026,50.0,5.0,33,1,0.030303030303030304,1.4040069580078125,1.4040069580078125,0.04254566539417614,True
FD002,rast_gru_v2,OCM-Asym,42,20.0,0.0,53,6,0.11320754716981132,1.4245251814524336,3.095064401626587,0.1612670016738604,True
FD002,rast_gru_v2,OCM-Asym,42,20.0,0.5,53,5,0.09433962264150944,1.1719868659973147,2.672817039489746,0.11056479867899197,True
FD002,rast_gru_v2,OCM-Asym,42,20.0,1.0,53,3,0.05660377358490566,1.235464731852214,2.3283223152160644,0.06993196595389892,True
FD002,rast_gru_v2,OCM-Asym,42,20.0,2.0,53,1,0.018867924528301886,1.4838275909423828,1.4838275909423828,0.027996746998912882,True
FD002,rast_gru_v2,OCM-Asym,42,20.0,5.0,53,0,0.0,,,0.0,False
FD002,rast_gru_v2,OCM-Asym,42,30.0,0.0,61,7,0.11475409836065574,1.2740981919424872,3.0173117637634266,0.1462079892393018,True
FD002,rast_gru_v2,OCM-Asym,42,30.0,0.5,61,5,0.08196721311475409,1.1719868659973147,2.672817039489746,0.09606449721289466,True
FD002,rast_gru_v2,OCM-Asym,42,30.0,1.0,61,3,0.04918032786885246,1.235464731852214,2.3283223152160644,0.06076056058289578,True
FD002,rast_gru_v2,OCM-Asym,42,30.0,2.0,61,1,0.01639344262295082,1.4838275909423828,1.4838275909423828,0.02432504247446529,True
FD002,rast_gru_v2,OCM-Asym,42,30.0,5.0,61,0,0.0,,,0.0,False
FD002,rast_gru_v2,OCM-Asym,42,40.0,0.0,75,9,0.12,4.399299780527751,16.812774658203118,0.5279159736633301,True
FD002,rast_gru_v2,OCM-Asym,42,40.0,0.5,75,7,0.09333333333333334,5.076420715876988,17.788043975830067,0.4737992668151855,True
FD002,rast_gru_v2,OCM-Asym,42,40.0,1.0,75,5,0.06666666666666667,6.476280975341797,18.763313293457028,0.43175206502278646,True
FD002,rast_gru_v2,OCM-Asym,42,40.0,2.0,75,3,0.04,9.386279424031576,19.238582611083984,0.375451176961263,True
FD002,rast_gru_v2,OCM-Asym,42,40.0,5.0,75,2,0.02666666666666667,10.337505340576172,16.97621726989746,0.27566680908203123,True
FD002,rast_gru_v2,OCM-Asym,42,50.0,0.0,88,12,0.13636363636363635,4.083059112230937,14.599870681762685,0.5567807880314913,True
FD002,rast_gru_v2,OCM-Asym,42,50.0,0.5,88,10,0.11363636363636363,4.34379563331604,15.575139999389632,0.49361314014955,True
FD002,rast_gru_v2,OCM-Asym,42,50.0,1.0,88,7,0.07954545454545454,5.565219334193638,17.288043975830067,0.4426879015835849,True
FD002,rast_gru_v2,OCM-Asym,42,50.0,2.0,88,5,0.056818181818181816,6.546793746948242,17.763313293457028,0.37197691744024103,True
FD002,rast_gru_v2,OCM-Asym,42,50.0,5.0,88,3,0.03409090909090909,7.180474599202474,16.238582611083984,0.24478890679099344,True
FD002,rast_gru_v2,OCM-Asym,123,20.0,0.0,53,4,0.07547169811320754,0.42360806465148926,0.5629299640655517,0.0319704199736973,True
FD002,rast_gru_v2,OCM-Asym,123,20.0,0.5,53,2,0.03773584905660377,0.0552058219909668,0.06513686180114746,0.0020832385656968603,True
FD002,rast_gru_v2,OCM-Asym,123,20.0,1.0,53,0,0.0,,,0.0,False
FD002,rast_gru_v2,OCM-Asym,123,20.0,2.0,53,0,0.0,,,0.0,False
FD002,rast_gru_v2,OCM-Asym,123,20.0,5.0,53,0,0.0,,,0.0,False
FD002,rast_gru_v2,OCM-Asym,123,30.0,0.0,61,5,0.08196721311475409,0.6930356979370117,1.5298450469970701,0.056806204748935385,True
FD002,rast_gru_v2,OCM-Asym,123,30.0,0.5,61,3,0.04918032786885246,0.4603859583536784,1.1502956390380858,0.022641932378049758,True
FD002,rast_gru_v2,OCM-Asym,123,30.0,1.0,61,1,0.01639344262295082,0.7707462310791016,0.7707462310791016,0.012635184116050845,True
FD002,rast_gru_v2,OCM-Asym,123,30.0,2.0,61,0,0.0,,,0.0,False
FD002,rast_gru_v2,OCM-Asym,123,30.0,5.0,61,0,0.0,,,0.0,False
FD002,rast_gru_v2,OCM-Asym,123,40.0,0.0,75,7,0.09333333333333334,3.684255191258021,14.255486297607405,0.3438638178507486,True
FD002,rast_gru_v2,OCM-Asym,123,40.0,0.5,75,5,0.06666666666666667,4.541153144836424,15.302077484130852,0.30274354298909495,True
FD002,rast_gru_v2,OCM-Asym,123,40.0,1.0,75,3,0.04,7.031784693400063,16.348668670654288,0.2812713877360025,True
FD002,rast_gru_v2,OCM-Asym,123,40.0,2.0,75,2,0.02666666666666667,9.162303924560543,16.12196426391601,0.2443281046549478,True
FD002,rast_gru_v2,OCM-Asym,123,40.0,5.0,75,1,0.013333333333333334,13.895259857177727,13.895259857177727,0.18527013142903637,True
FD002,rast_gru_v2,OCM-Asym,123,50.0,0.0,88,9,0.10227272727272728,4.044392797682019,15.254598236083977,0.41363108158111567,True
FD002,rast_gru_v2,OCM-Asym,123,50.0,0.5,88,7,0.07954545454545454,4.616502080644879,15.66476364135741,0.36722175641493354,True
FD002,rast_gru_v2,OCM-Asym,123,50.0,1.0,88,4,0.045454545454545456,7.472239971160887,16.53001174926757,0.33964727141640394,True
FD002,rast_gru_v2,OCM-Asym,123,50.0,2.0,88,3,0.03409090909090909,8.706071217854815,15.98509445190429,0.2967978824268687,True
FD002,rast_gru_v2,OCM-Asym,123,50.0,5.0,88,2,0.022727272727272728,9.344432830810543,13.440177154541008,0.21237347342751234,True
FD002,rast_gru_v2,OCM-Asym,2024,20.0,0.0,53,7,0.1320754716981132,1.3794884000505723,3.8780868530273422,0.18219658113875484,True
FD002,rast_gru_v2,OCM-Asym,2024,20.0,0.5,53,5,0.09433962264150944,1.3990695953369143,3.654435348510742,0.13198769767329382,True
FD002,rast_gru_v2,OCM-Asym,2024,20.0,1.0,53,3,0.05660377358490566,1.622875213623048,3.4307838439941407,0.09186086114847442,True
FD002,rast_gru_v2,OCM-Asym,2024,20.0,2.0,53,1,0.018867924528301886,2.707132339477539,2.707132339477539,0.05107796866938753,True
FD002,rast_gru_v2,OCM-Asym,2024,20.0,5.0,53,0,0.0,,,0.0,False
FD002,rast_gru_v2,OCM-Asym,2024,30.0,0.0,61,8,0.13114754098360656,1.3657273054122927,3.7399126052856437,0.1791117777589892,True
FD002,rast_gru_v2,OCM-Asym,2024,30.0,0.5,61,6,0.09836065573770492,1.2941246032714846,3.5162611007690434,0.12729094458408047,True
FD002,rast_gru_v2,OCM-Asym,2024,30.0,1.0,61,4,0.06557377049180328,1.28450632095337,3.292609596252441,0.08422992268546689,True
FD002,rast_gru_v2,OCM-Asym,2024,30.0,2.0,61,1,0.01639344262295082,2.707132339477539,2.707132339477539,0.044379218679959656,True
FD002,rast_gru_v2,OCM-Asym,2024,30.0,5.0,61,0,0.0,,,0.0,False
FD002,rast_gru_v2,OCM-Asym,2024,40.0,0.0,75,11,0.14666666666666667,4.178455612876198,15.135025024414062,0.6128401565551758,True
FD002,rast_gru_v2,OCM-Asym,2024,40.0,0.5,75,9,0.12,4.589104546440972,16.542969512939447,0.5506925455729167,True
FD002,rast_gru_v2,OCM-Asym,2024,40.0,1.0,75,7,0.09333333333333334,5.310745511736188,17.95091400146483,0.4956695810953776,True
FD002,rast_gru_v2,OCM-Asym,2024,40.0,2.0,75,4,0.05333333333333334,7.936081409454346,19.812830734252923,0.42325767517089846,True
FD002,rast_gru_v2,OCM-Asym,2024,40.0,5.0,75,2,0.02666666666666667,10.135025024414062,18.720775222778318,0.270267333984375,True
FD002,rast_gru_v2,OCM-Asym,2024,50.0,0.0,88,15,0.17045454545454544,4.943962033589681,15.283298873901353,0.8427208011800592,True
FD002,rast_gru_v2,OCM-Asym,2024,50.0,0.5,88,13,0.14772727272727273,5.192181513859675,16.124934387207013,0.767026814547452,True
FD002,rast_gru_v2,OCM-Asym,2024,50.0,1.0,88,11,0.125,5.579239758578214,16.966569900512695,0.6974049698222767,True
FD002,rast_gru_v2,OCM-Asym,2024,50.0,2.0,88,8,0.09090909090909091,6.492593050003052,17.979023170471184,0.5902357318184592,True
FD002,rast_gru_v2,OCM-Asym,2024,50.0,5.0,88,5,0.056818181818181816,6.0418952941894535,16.991476440429686,0.34328950535167346,True
FD002,rast_gru_v2,OCM-Asym,2025,20.0,0.0,53,3,0.05660377358490566,1.1236168543497722,1.5714388847351073,0.06360095401979843,True
FD002,rast_gru_v2,OCM-Asym,2025,20.0,0.5,53,3,0.05660377358490566,0.6236168543497721,1.0714388847351073,0.03529906722734559,True
FD002,rast_gru_v2,OCM-Asym,2025,20.0,1.0,53,2,0.03773584905660377,0.38997793197631836,0.594121503829956,0.014716148376464844,True
FD002,rast_gru_v2,OCM-Asym,2025,20.0,2.0,53,0,0.0,,,0.0,False
FD002,rast_gru_v2,OCM-Asym,2025,20.0,5.0,53,0,0.0,,,0.0,False
FD002,rast_gru_v2,OCM-Asym,2025,30.0,0.0,61,3,0.04918032786885246,1.1236168543497722,1.5714388847351073,0.05525984529589043,True
FD002,rast_gru_v2,OCM-Asym,2025,30.0,0.5,61,3,0.04918032786885246,0.6236168543497721,1.0714388847351073,0.030669681361464203,True
FD002,rast_gru_v2,OCM-Asym,2025,30.0,1.0,61,2,0.03278688524590164,0.38997793197631836,0.594121503829956,0.012786161704141586,True
FD002,rast_gru_v2,OCM-Asym,2025,30.0,2.0,61,0,0.0,,,0.0,False
FD002,rast_gru_v2,OCM-Asym,2025,30.0,5.0,61,0,0.0,,,0.0,False
FD002,rast_gru_v2,OCM-Asym,2025,40.0,0.0,75,4,0.05333333333333334,8.832214593887329,27.40682725906371,0.4710514450073242,True
FD002,rast_gru_v2,OCM-Asym,2025,40.0,0.5,75,4,0.05333333333333334,8.332214593887329,26.90682725906371,0.44438477834065754,True
FD002,rast_gru_v2,OCM-Asym,2025,40.0,1.0,75,3,0.04,10.579321225484213,27.923887443542476,0.42317284901936847,True
FD002,rast_gru_v2,OCM-Asym,2025,40.0,2.0,75,1,0.013333333333333334,29.9580078125,29.9580078125,0.39944010416666664,True
FD002,rast_gru_v2,OCM-Asym,2025,40.0,5.0,75,1,0.013333333333333334,26.9580078125,26.9580078125,0.35944010416666666,True
FD002,rast_gru_v2,OCM-Asym,2025,50.0,0.0,88,6,0.06818181818181818,6.845996379852295,24.716983795166016,0.46677248044447467,True
FD002,rast_gru_v2,OCM-Asym,2025,50.0,0.5,88,6,0.06818181818181818,6.345996379852295,24.216983795166016,0.43268157135356555,True
FD002,rast_gru_v2,OCM-Asym,2025,50.0,1.0,88,5,0.056818181818181816,7.097016716003418,25.165188598632806,0.40323958613655786,True
FD002,rast_gru_v2,OCM-Asym,2025,50.0,2.0,88,3,0.03409090909090909,10.568375905354818,27.061598205566405,0.36028554222800513,True
FD002,rast_gru_v2,OCM-Asym,2025,50.0,5.0,88,1,0.011363636363636364,26.9580078125,26.9580078125,0.3063409978693182,True
FD002,rast_gru_v2,OCM-Asym,2026,20.0,0.0,53,2,0.03773584905660377,0.2409067153930664,0.33094825744628903,0.00909081944879496,True
FD002,rast_gru_v2,OCM-Asym,2026,20.0,0.5,53,0,0.0,,,0.0,False
FD002,rast_gru_v2,OCM-Asym,2026,20.0,1.0,53,0,0.0,,,0.0,False
FD002,rast_gru_v2,OCM-Asym,2026,20.0,2.0,53,0,0.0,,,0.0,False
FD002,rast_gru_v2,OCM-Asym,2026,20.0,5.0,53,0,0.0,,,0.0,False
FD002,rast_gru_v2,OCM-Asym,2026,30.0,0.0,61,3,0.04918032786885246,0.6968237559000651,1.4818873405456543,0.03427002078197042,True
FD002,rast_gru_v2,OCM-Asym,2026,30.0,0.5,61,1,0.01639344262295082,1.1086578369140625,1.1086578369140625,0.01817471863793545,True
FD002,rast_gru_v2,OCM-Asym,2026,30.0,1.0,61,1,0.01639344262295082,0.6086578369140625,0.6086578369140625,0.00997799732646004,True
FD002,rast_gru_v2,OCM-Asym,2026,30.0,2.0,61,0,0.0,,,0.0,False
FD002,rast_gru_v2,OCM-Asym,2026,30.0,5.0,61,0,0.0,,,0.0,False
FD002,rast_gru_v2,OCM-Asym,2026,40.0,0.0,75,5,0.06666666666666667,4.907070541381836,17.52169494628906,0.3271380360921224,True
FD002,rast_gru_v2,OCM-Asym,2026,40.0,0.5,75,3,0.04,7.517846425374349,19.010824584960936,0.30071385701497394,True
FD002,rast_gru_v2,OCM-Asym,2026,40.0,1.0,75,2,0.02666666666666667,10.554306030273438,19.505389404296874,0.2814481608072917,True
FD002,rast_gru_v2,OCM-Asym,2026,40.0,2.0,75,1,0.013333333333333334,19.499954223632812,19.499954223632812,0.2599993896484375,True
FD002,rast_gru_v2,OCM-Asym,2026,40.0,5.0,75,1,0.013333333333333334,16.499954223632812,16.499954223632812,0.2199993896484375,True
FD002,rast_gru_v2,OCM-Asym,2026,50.0,0.0,88,7,0.07954545454545454,4.553683417184013,16.306193923950183,0.36222481727600103,True
FD002,rast_gru_v2,OCM-Asym,2026,50.0,0.5,88,5,0.056818181818181816,5.778794097900392,17.537447357177733,0.32834057374434045,True
FD002,rast_gru_v2,OCM-Asym,2026,50.0,1.0,88,4,0.045454545454545456,6.612260818481447,17.903074073791498,0.30055730993097485,True
FD002,rast_gru_v2,OCM-Asym,2026,50.0,2.0,88,3,0.03409090909090909,7.613461812337242,17.768700790405273,0.2595498345114969,True
FD002,rast_gru_v2,OCM-Asym,2026,50.0,5.0,88,1,0.011363636363636364,16.499954223632812,16.499954223632812,0.18749947981400925,True
FD002,rast_gru,RAST-GRU,42,20.0,0.0,53,2,0.03773584905660377,0.36417293548583807,0.5068106651306118,0.01374237492399389,True
FD002,rast_gru,RAST-GRU,42,20.0,0.5,53,1,0.018867924528301886,0.022659301757808947,0.022659301757808947,0.0004275339954303575,True
FD002,rast_gru,RAST-GRU,42,20.0,1.0,53,0,0.0,,,0.0,False
FD002,rast_gru,RAST-GRU,42,20.0,2.0,53,0,0.0,,,0.0,False
FD002,rast_gru,RAST-GRU,42,20.0,5.0,53,0,0.0,,,0.0,False
FD002,rast_gru,RAST-GRU,42,30.0,0.0,61,2,0.03278688524590164,0.36417293548583807,0.5068106651306118,0.011940096245437314,True
FD002,rast_gru,RAST-GRU,42,30.0,0.5,61,1,0.01639344262295082,0.022659301757808947,0.022659301757808947,0.0003714639632427696,True
FD002,rast_gru,RAST-GRU,42,30.0,1.0,61,0,0.0,,,0.0,False
FD002,rast_gru,RAST-GRU,42,30.0,2.0,61,0,0.0,,,0.0,False
FD002,rast_gru,RAST-GRU,42,30.0,5.0,61,0,0.0,,,0.0,False
FD002,rast_gru,RAST-GRU,42,40.0,0.0,75,5,0.06666666666666667,4.530907821655273,12.118486022949218,0.30206052144368484,True
FD002,rast_gru,RAST-GRU,42,40.0,0.5,75,4,0.05333333333333334,5.112213134765624,11.905903053283689,0.27265136718749994,True
FD002,rast_gru,RAST-GRU,42,40.0,1.0,75,3,0.04,6.3087310791015625,11.693320083618163,0.2523492431640625,True
FD002,rast_gru,RAST-GRU,42,40.0,2.0,75,2,0.02666666666666667,8.393983840942383,10.980737113952637,0.22383956909179686,True
FD002,rast_gru,RAST-GRU,42,40.0,5.0,75,2,0.02666666666666667,5.393983840942383,7.980737113952636,0.14383956909179688,True
FD002,rast_gru,RAST-GRU,42,50.0,0.0,88,10,0.11363636363636363,4.579146003723142,10.997486114501944,0.5203575004230845,True
FD002,rast_gru,RAST-GRU,42,50.0,0.5,88,9,0.10227272727272728,4.565085940890841,10.749782562255856,0.4668837894092905,True
FD002,rast_gru,RAST-GRU,42,50.0,1.0,88,8,0.09090909090909091,4.632889270782469,10.50207901000976,0.4211717518893154,True
FD002,rast_gru,RAST-GRU,42,50.0,2.0,88,6,0.06818181818181818,5.038113276163735,10.006671905517576,0.34350772337480007,True
FD002,rast_gru,RAST-GRU,42,50.0,5.0,88,4,0.045454545454545456,3.6538438796997053,7.511264801025388,0.16608381271362296,True
FD002,rast_gru,RAST-GRU,123,20.0,0.0,53,3,0.05660377358490566,0.80549971262614,1.4592361450195312,0.0455943233561966,True
FD002,rast_gru,RAST-GRU,123,20.0,0.5,53,2,0.03773584905660377,0.6444549560546875,0.9985837936401367,0.024319054945459904,True
FD002,rast_gru,RAST-GRU,123,20.0,1.0,53,1,0.018867924528301886,0.5379314422607422,0.5379314422607422,0.010149649853976268,True
FD002,rast_gru,RAST-GRU,123,20.0,2.0,53,0,0.0,,,0.0,False
FD002,rast_gru,RAST-GRU,123,20.0,5.0,53,0,0.0,,,0.0,False
FD002,rast_gru,RAST-GRU,123,30.0,0.0,61,4,0.06557377049180328,1.0050384998321538,1.5937963485717772,0.06590416392341993,True
FD002,rast_gru,RAST-GRU,123,30.0,0.5,61,3,0.04918032786885246,0.7975215911865234,1.09708251953125,0.039222373337042135,True
FD002,rast_gru,RAST-GRU,123,30.0,1.0,61,2,0.03278688524590164,0.5707931518554688,0.6003686904907226,0.018714529569031763,True
FD002,rast_gru,RAST-GRU,123,30.0,2.0,61,0,0.0,,,0.0,False
FD002,rast_gru,RAST-GRU,123,30.0,5.0,61,0,0.0,,,0.0,False
FD002,rast_gru,RAST-GRU,123,40.0,0.0,75,6,0.08,4.427691300710042,12.550002098083496,0.3542153040568034,True
FD002,rast_gru,RAST-GRU,123,40.0,0.5,75,5,0.06666666666666667,4.787711715698242,12.30540313720703,0.31918078104654946,True
FD002,rast_gru,RAST-GRU,123,40.0,1.0,75,4,0.05333333333333334,5.4218950271606445,12.060804176330565,0.28916773478190105,True
FD002,rast_gru,RAST-GRU,123,40.0,2.0,75,2,0.02666666666666667,9.27299690246582,11.571606254577636,0.24727991739908853,True
FD002,rast_gru,RAST-GRU,123,40.0,5.0,75,2,0.02666666666666667,6.27299690246582,8.571606254577636,0.16727991739908854,True
FD002,rast_gru,RAST-GRU,123,50.0,0.0,88,9,0.10227272727272728,4.904262224833172,12.168671417236327,0.5015722729943016,True
FD002,rast_gru,RAST-GRU,123,50.0,0.5,88,8,0.09090909090909091,5.001346349716187,11.875963401794431,0.45466784997419885,True
FD002,rast_gru,RAST-GRU,123,50.0,1.0,88,7,0.07954545454545454,5.17997033255441,11.583255386352537,0.4120430946350098,True
FD002,rast_gru,RAST-GRU,123,50.0,2.0,88,5,0.056818181818181816,6.023641204833986,10.997839355468749,0.3422523411837492,True
FD002,rast_gru,RAST-GRU,123,50.0,5.0,88,3,0.03409090909090909,5.742387135823567,8.41242332458496,0.19576319781216708,True
FD002,rast_gru,RAST-GRU,2024,20.0,0.0,53,13,0.24528301886792453,1.5212315779465895,3.3905410766601545,0.37313227383595593,True
FD002,rast_gru,RAST-GRU,2024,20.0,0.5,53,9,0.16981132075471697,1.5934828652275934,3.1728343963623042,0.27059142994430835,True
FD002,rast_gru,RAST-GRU,2024,20.0,1.0,53,8,0.1509433962264151,1.2701872587203982,2.743407726287841,0.19172637867477707,True
FD002,rast_gru,RAST-GRU,2024,20.0,2.0,53,4,0.07547169811320754,1.0563423633575444,2.02570104598999,0.07972395195151279,True
FD002,rast_gru,RAST-GRU,2024,20.0,5.0,53,0,0.0,,,0.0,False
FD002,rast_gru,RAST-GRU,2024,30.0,0.0,61,14,0.22950819672131148,1.426303999764579,3.3199677467346187,0.32734845896236237,True
FD002,rast_gru,RAST-GRU,2024,30.0,0.5,61,9,0.14754098360655737,1.5934828652275934,3.1728343963623042,0.23510402929587446,True
FD002,rast_gru,RAST-GRU,2024,30.0,1.0,61,8,0.13114754098360656,1.2701872587203982,2.743407726287841,0.1665819355698883,True
FD002,rast_gru,RAST-GRU,2024,30.0,2.0,61,4,0.06557377049180328,1.0563423633575444,2.02570104598999,0.06926835169557669,True
FD002,rast_gru,RAST-GRU,2024,30.0,5.0,61,0,0.0,,,0.0,False
FD002,rast_gru,RAST-GRU,2024,40.0,0.0,75,17,0.22666666666666666,3.110613093656652,8.759193420410144,0.7050723012288411,True
FD002,rast_gru,RAST-GRU,2024,40.0,0.5,75,12,0.16,3.8127926985422764,12.437922477722157,0.6100468317667642,True
FD002,rast_gru,RAST-GRU,2024,40.0,1.0,75,11,0.14666666666666667,3.6430604241111055,12.77366828918457,0.5343155288696289,True
FD002,rast_gru,RAST-GRU,2024,40.0,2.0,75,7,0.09333333333333334,4.448219435555593,15.116651535034169,0.41516714731852206,True
FD002,rast_gru,RAST-GRU,2024,40.0,5.0,75,3,0.04,5.9707221984863255,15.459634780883787,0.23882888793945303,True
FD002,rast_gru,RAST-GRU,2024,50.0,0.0,88,23,0.26136363636363635,4.865383562834366,16.979359436035153,1.2716343402862549,True
FD002,rast_gru,RAST-GRU,2024,50.0,0.5,88,18,0.20454545454545456,5.65427287419637,17.389012145996087,1.1565558151765303,True
FD002,rast_gru,RAST-GRU,2024,50.0,1.0,88,16,0.18181818181818182,5.828806102275848,17.388084411621094,1.0597829276865178,True
FD002,rast_gru,RAST-GRU,2024,50.0,2.0,88,12,0.13636363636363635,6.610397418340047,17.38622894287109,0.9014178297736428,True
FD002,rast_gru,RAST-GRU,2024,50.0,5.0,88,8,0.09090909090909091,6.387424945831298,15.384373474121091,0.5806749950755725,True
FD002,rast_gru,RAST-GRU,2025,20.0,0.0,53,1,0.018867924528301886,1.6463088989257795,1.6463088989257795,0.031062432055203388,True
FD002,rast_gru,RAST-GRU,2025,20.0,0.5,53,1,0.018867924528301886,1.1463088989257795,1.1463088989257795,0.021628469791052443,True
FD002,rast_gru,RAST-GRU,2025,20.0,1.0,53,1,0.018867924528301886,0.6463088989257795,0.6463088989257795,0.0121945075269015,True
FD002,rast_gru,RAST-GRU,2025,20.0,2.0,53,0,0.0,,,0.0,False
FD002,rast_gru,RAST-GRU,2025,20.0,5.0,53,0,0.0,,,0.0,False
FD002,rast_gru,RAST-GRU,2025,30.0,0.0,61,1,0.01639344262295082,1.6463088989257795,1.6463088989257795,0.026988670474193108,True
FD002,rast_gru,RAST-GRU,2025,30.0,0.5,61,1,0.01639344262295082,1.1463088989257795,1.1463088989257795,0.018791949162717696,True
FD002,rast_gru,RAST-GRU,2025,30.0,1.0,61,1,0.01639344262295082,0.6463088989257795,0.6463088989257795,0.010595227851242287,True
FD002,rast_gru,RAST-GRU,2025,30.0,2.0,61,0,0.0,,,0.0,False
FD002,rast_gru,RAST-GRU,2025,30.0,5.0,61,0,0.0,,,0.0,False
FD002,rast_gru,RAST-GRU,2025,40.0,0.0,75,4,0.05333333333333334,8.569170951843263,18.115349578857423,0.45702245076497405,True
FD002,rast_gru,RAST-GRU,2025,40.0,0.5,75,4,0.05333333333333334,8.069170951843263,17.615349578857423,0.4303557840983074,True
FD002,rast_gru,RAST-GRU,2025,40.0,1.0,75,4,0.05333333333333334,7.5691709518432635,17.115349578857423,0.4036891174316407,True
FD002,rast_gru,RAST-GRU,2025,40.0,2.0,75,3,0.04,8.876791636149092,16.762561035156256,0.35507166544596364,True
FD002,rast_gru,RAST-GRU,2025,40.0,5.0,75,3,0.04,5.876791636149091,13.762561035156255,0.23507166544596364,True
FD002,rast_gru,RAST-GRU,2025,50.0,0.0,88,6,0.06818181818181818,7.379107157389324,16.820926666259773,0.5031209425492721,True
FD002,rast_gru,RAST-GRU,2025,50.0,0.5,88,6,0.06818181818181818,6.879107157389324,16.320926666259773,0.469030033458363,True
FD002,rast_gru,RAST-GRU,2025,50.0,1.0,88,6,0.06818181818181818,6.379107157389324,15.820926666259771,0.4349391243674539,True
FD002,rast_gru,RAST-GRU,2025,50.0,2.0,88,5,0.056818181818181816,6.525666809082033,15.468138122558598,0.3707765232432973,True
FD002,rast_gru,RAST-GRU,2025,50.0,5.0,88,4,0.045454545454545456,4.797466278076174,13.115349578857423,0.21806664900346243,True
FD002,rast_gru,RAST-GRU,2026,20.0,0.0,53,14,0.2641509433962264,1.6755637781960624,5.493354940414429,0.44260175273103536,True
FD002,rast_gru,RAST-GRU,2026,20.0,0.5,53,11,0.20754716981132076,1.5324939380992542,5.026546955108643,0.3180647796055056,True
FD002,rast_gru,RAST-GRU,2026,20.0,1.0,53,7,0.1320754716981132,1.8162674222673691,4.570802974700928,0.23988437652587893,True
FD002,rast_gru,RAST-GRU,2026,20.0,2.0,53,4,0.07547169811320754,1.9769444465637207,3.6039949893951415,0.1492033544576393,True
FD002,rast_gru,RAST-GRU,2026,20.0,5.0,53,2,0.03773584905660377,0.5265469551086426,0.6261229991912842,0.01986969641919406,True
FD002,rast_gru,RAST-GRU,2026,30.0,0.0,61,16,0.26229508196721313,1.6410628259181976,5.471226930618286,0.43044270843756005,True
FD002,rast_gru,RAST-GRU,2026,30.0,0.5,61,13,0.21311475409836064,1.435118895310622,5.0044189453125,0.3058450104760342,True
FD002,rast_gru,RAST-GRU,2026,30.0,1.0,61,8,0.13114754098360656,1.7184835672378542,4.559738969802856,0.22537489406398087,True
FD002,rast_gru,RAST-GRU,2026,30.0,2.0,61,5,0.08196721311475409,1.5883548736572266,3.5929309844970705,0.1301930224309202,True
FD002,rast_gru,RAST-GRU,2026,30.0,5.0,61,2,0.03278688524590164,0.5265469551086426,0.6261229991912842,0.017263834593725987,True
FD002,rast_gru,RAST-GRU,2026,40.0,0.0,75,21,0.28,3.1282885188148137,8.763221740722656,0.8759207852681478,True
FD002,rast_gru,RAST-GRU,2026,40.0,0.5,75,18,0.24,3.088533295525445,10.397348022460918,0.7412479909261068,True
FD002,rast_gru,RAST-GRU,2026,40.0,1.0,75,13,0.17333333333333334,3.7065324783325195,13.454225158691386,0.6424656295776368,True
FD002,rast_gru,RAST-GRU,2026,40.0,2.0,75,10,0.13333333333333333,3.7378828048706056,14.588351440429673,0.4983843739827474,True
FD002,rast_gru,RAST-GRU,2026,40.0,5.0,75,4,0.05333333333333334,5.701761484146118,15.856604003906245,0.3040939458211263,True
FD002,rast_gru,RAST-GRU,2026,50.0,0.0,88,25,0.2840909090909091,3.6067992210388184,13.903538513183575,1.0246588696133008,True
FD002,rast_gru,RAST-GRU,2026,50.0,0.5,88,21,0.23863636363636365,3.727646146501814,14.688617706298828,0.8895519213242964,True
FD002,rast_gru,RAST-GRU,2026,50.0,1.0,88,16,0.18181818181818182,4.335743248462677,16.139145851135254,0.7883169542659413,True
FD002,rast_gru,RAST-GRU,2026,50.0,2.0,88,12,0.13636363636363635,4.6804280281066895,16.69956836700439,0.6382401856509122,True
FD002,rast_gru,RAST-GRU,2026,50.0,5.0,88,6,0.06818181818181818,5.932225704193115,16.040202140808105,0.4044699343768033,True
FD003,rast_gru_v2,OCM-Asym,42,20.0,0.0,14,4,0.2857142857142857,1.0577716827392587,2.3253279685974118,0.30222048078264535,True
FD003,rast_gru_v2,OCM-Asym,42,20.0,0.5,14,2,0.14285714285714285,1.367511749267579,1.9561326026916503,0.19535882132393986,True
FD003,rast_gru_v2,OCM-Asym,42,20.0,1.0,14,2,0.14285714285714285,0.867511749267579,1.4561326026916503,0.12393024989536842,True
FD003,rast_gru_v2,OCM-Asym,42,20.0,2.0,14,1,0.07142857142857142,0.5215349197387695,0.5215349197387695,0.037252494267054966,True
FD003,rast_gru_v2,OCM-Asym,42,20.0,5.0,14,0,0.0,,,0.0,False
FD003,rast_gru_v2,OCM-Asym,42,30.0,0.0,20,6,0.3,2.2189861933390307,5.179238796234131,0.6656958580017092,True
FD003,rast_gru_v2,OCM-Asym,42,30.0,0.5,20,4,0.2,2.7044634819030766,4.934368228912352,0.5408926963806153,True
FD003,rast_gru_v2,OCM-Asym,42,30.0,1.0,20,4,0.2,2.2044634819030766,4.434368228912352,0.44089269638061535,True
FD003,rast_gru_v2,OCM-Asym,42,30.0,2.0,20,3,0.15,1.8681217829386394,3.5619329452514648,0.2802182674407959,True
FD003,rast_gru_v2,OCM-Asym,42,30.0,5.0,20,1,0.05,0.8170623779296875,0.8170623779296875,0.040853118896484374,True
FD003,rast_gru_v2,OCM-Asym,42,40.0,0.0,23,7,0.30434782608695654,2.307810919625419,5.051674079895018,0.7023772364077362,True
FD003,rast_gru_v2,OCM-Asym,42,40.0,0.5,23,5,0.21739130434782608,2.631722640991211,4.806803512573242,0.572113617606785,True
FD003,rast_gru_v2,OCM-Asym,42,40.0,1.0,23,5,0.21739130434782608,2.131722640991211,4.306803512573242,0.463417965432872,True
FD003,rast_gru_v2,OCM-Asym,42,40.0,2.0,23,4,0.17391304347826086,1.611281156539917,3.4343682289123527,0.28022280983302905,True
FD003,rast_gru_v2,OCM-Asym,42,40.0,5.0,23,1,0.043478260869565216,0.8170623779296875,0.8170623779296875,0.035524451214334236,True
FD003,rast_gru_v2,OCM-Asym,42,50.0,0.0,29,10,0.3448275862068966,1.8337476730346676,4.668979930877683,0.6323267838050578,True
FD003,rast_gru_v2,OCM-Asym,42,50.0,0.5,29,8,0.27586206896551724,1.7301766872406,4.424109363555907,0.4772901206180965,True
FD003,rast_gru_v2,OCM-Asym,42,50.0,1.0,29,5,0.1724137931034483,2.131722640991211,4.306803512573242,0.36753838637779507,True
FD003,rast_gru_v2,OCM-Asym,42,50.0,2.0,29,4,0.13793103448275862,1.611281156539917,3.4343682289123527,0.2222456767641265,True
FD003,rast_gru_v2,OCM-Asym,42,50.0,5.0,29,1,0.034482758620689655,0.8170623779296875,0.8170623779296875,0.028174564756196122,True
FD003,rast_gru_v2,OCM-Asym,123,20.0,0.0,14,0,0.0,,,0.0,False
FD003,rast_gru_v2,OCM-Asym,123,20.0,0.5,14,0,0.0,,,0.0,False
FD003,rast_gru_v2,OCM-Asym,123,20.0,1.0,14,0,0.0,,,0.0,False
FD003,rast_gru_v2,OCM-Asym,123,20.0,2.0,14,0,0.0,,,0.0,False
FD003,rast_gru_v2,OCM-Asym,123,20.0,5.0,14,0,0.0,,,0.0,False
FD003,rast_gru_v2,OCM-Asym,123,30.0,0.0,20,1,0.05,1.7291030883789027,1.7291030883789027,0.08645515441894513,True
FD003,rast_gru_v2,OCM-Asym,123,30.0,0.5,20,1,0.05,1.2291030883789027,1.2291030883789027,0.061455154418945133,True
FD003,rast_gru_v2,OCM-Asym,123,30.0,1.0,20,1,0.05,0.7291030883789027,0.7291030883789027,0.03645515441894513,True
FD003,rast_gru_v2,OCM-Asym,123,30.0,2.0,20,0,0.0,,,0.0,False
FD003,rast_gru_v2,OCM-Asym,123,30.0,5.0,20,0,0.0,,,0.0,False
FD003,rast_gru_v2,OCM-Asym,123,40.0,0.0,23,1,0.043478260869565216,1.7291030883789027,1.7291030883789027,0.07517839514690881,True
FD003,rast_gru_v2,OCM-Asym,123,40.0,0.5,23,1,0.043478260869565216,1.2291030883789027,1.2291030883789027,0.053439264712126205,True
FD003,rast_gru_v2,OCM-Asym,123,40.0,1.0,23,1,0.043478260869565216,0.7291030883789027,0.7291030883789027,0.0317001342773436,True
FD003,rast_gru_v2,OCM-Asym,123,40.0,2.0,23,0,0.0,,,0.0,False
FD003,rast_gru_v2,OCM-Asym,123,40.0,5.0,23,0,0.0,,,0.0,False
FD003,rast_gru_v2,OCM-Asym,123,50.0,0.0,29,1,0.034482758620689655,1.7291030883789027,1.7291030883789027,0.059624244426858715,True
FD003,rast_gru_v2,OCM-Asym,123,50.0,0.5,29,1,0.034482758620689655,1.2291030883789027,1.2291030883789027,0.04238286511651389,True
FD003,rast_gru_v2,OCM-Asym,123,50.0,1.0,29,1,0.034482758620689655,0.7291030883789027,0.7291030883789027,0.02514148580616906,True
FD003,rast_gru_v2,OCM-Asym,123,50.0,2.0,29,0,0.0,,,0.0,False
FD003,rast_gru_v2,OCM-Asym,123,50.0,5.0,29,0,0.0,,,0.0,False
FD003,rast_gru_v2,OCM-Asym,2024,20.0,0.0,14,0,0.0,,,0.0,False
FD003,rast_gru_v2,OCM-Asym,2024,20.0,0.5,14,0,0.0,,,0.0,False
FD003,rast_gru_v2,OCM-Asym,2024,20.0,1.0,14,0,0.0,,,0.0,False
FD003,rast_gru_v2,OCM-Asym,2024,20.0,2.0,14,0,0.0,,,0.0,False
FD003,rast_gru_v2,OCM-Asym,2024,20.0,5.0,14,0,0.0,,,0.0,False
FD003,rast_gru_v2,OCM-Asym,2024,30.0,0.0,20,1,0.05,0.04486656188964844,0.04486656188964844,0.002243328094482422,True
FD003,rast_gru_v2,OCM-Asym,2024,30.0,0.5,20,0,0.0,,,0.0,False
FD003,rast_gru_v2,OCM-Asym,2024,30.0,1.0,20,0,0.0,,,0.0,False
FD003,rast_gru_v2,OCM-Asym,2024,30.0,2.0,20,0,0.0,,,0.0,False
FD003,rast_gru_v2,OCM-Asym,2024,30.0,5.0,20,0,0.0,,,0.0,False
FD003,rast_gru_v2,OCM-Asym,2024,40.0,0.0,23,1,0.043478260869565216,0.04486656188964844,0.04486656188964844,0.0019507200821586277,True
FD003,rast_gru_v2,OCM-Asym,2024,40.0,0.5,23,0,0.0,,,0.0,False
FD003,rast_gru_v2,OCM-Asym,2024,40.0,1.0,23,0,0.0,,,0.0,False
FD003,rast_gru_v2,OCM-Asym,2024,40.0,2.0,23,0,0.0,,,0.0,False
FD003,rast_gru_v2,OCM-Asym,2024,40.0,5.0,23,0,0.0,,,0.0,False
FD003,rast_gru_v2,OCM-Asym,2024,50.0,0.0,29,1,0.034482758620689655,0.04486656188964844,0.04486656188964844,0.0015471228237809807,True
FD003,rast_gru_v2,OCM-Asym,2024,50.0,0.5,29,0,0.0,,,0.0,False
FD003,rast_gru_v2,OCM-Asym,2024,50.0,1.0,29,0,0.0,,,0.0,False
FD003,rast_gru_v2,OCM-Asym,2024,50.0,2.0,29,0,0.0,,,0.0,False
FD003,rast_gru_v2,OCM-Asym,2024,50.0,5.0,29,0,0.0,,,0.0,False
FD003,rast_gru_v2,OCM-Asym,2025,20.0,0.0,14,2,0.14285714285714285,3.1424107551574725,3.9031148433685305,0.4489158221653532,True
FD003,rast_gru_v2,OCM-Asym,2025,20.0,0.5,14,2,0.14285714285714285,2.6424107551574725,3.4031148433685305,0.3774872507367818,True
FD003,rast_gru_v2,OCM-Asym,2025,20.0,1.0,14,2,0.14285714285714285,2.1424107551574725,2.9031148433685305,0.30605867930821035,True
FD003,rast_gru_v2,OCM-Asym,2025,20.0,2.0,14,2,0.14285714285714285,1.1424107551574725,1.9031148433685303,0.1632015364510675,True
FD003,rast_gru_v2,OCM-Asym,2025,20.0,5.0,14,0,0.0,,,0.0,False
FD003,rast_gru_v2,OCM-Asym,2025,30.0,0.0,20,4,0.2,5.214101552963258,9.12533311843872,1.0428203105926515,True
FD003,rast_gru_v2,OCM-Asym,2025,30.0,0.5,20,4,0.2,4.714101552963258,8.62533311843872,0.9428203105926516,True
FD003,rast_gru_v2,OCM-Asym,2025,30.0,1.0,20,4,0.2,4.214101552963258,8.12533311843872,0.8428203105926515,True
FD003,rast_gru_v2,OCM-Asym,2025,30.0,2.0,20,4,0.2,3.2141015529632577,7.125333118438719,0.6428203105926515,True
FD003,rast_gru_v2,OCM-Asym,2025,30.0,5.0,20,1,0.05,4.913707733154297,4.913707733154297,0.24568538665771483,True
FD003,rast_gru_v2,OCM-Asym,2025,40.0,0.0,23,5,0.21739130434782608,4.709000968933106,8.862541580200194,1.023695862811545,True
FD003,rast_gru_v2,OCM-Asym,2025,40.0,0.5,23,5,0.21739130434782608,4.209000968933106,8.362541580200194,0.9150002106376318,True
FD003,rast_gru_v2,OCM-Asym,2025,40.0,1.0,23,5,0.21739130434782608,3.7090009689331063,7.862541580200194,0.8063045584637187,True
FD003,rast_gru_v2,OCM-Asym,2025,40.0,2.0,23,5,0.21739130434782608,2.7090009689331063,6.862541580200194,0.5889132541158927,True
FD003,rast_gru_v2,OCM-Asym,2025,40.0,5.0,23,1,0.043478260869565216,4.913707733154297,4.913707733154297,0.21363946665888248,True
FD003,rast_gru_v2,OCM-Asym,2025,50.0,0.0,29,9,0.3103448275862069,4.339843644036189,8.445853424072265,1.3468480274595067,True
FD003,rast_gru_v2,OCM-Asym,2025,50.0,0.5,29,9,0.3103448275862069,3.8398436440361885,7.945853424072264,1.1916756136664033,True
FD003,rast_gru_v2,OCM-Asym,2025,50.0,1.0,29,9,0.3103448275862069,3.339843644036188,7.445853424072264,1.0365031998732999,True
FD003,rast_gru_v2,OCM-Asym,2025,50.0,2.0,29,9,0.3103448275862069,2.339843644036188,6.445853424072264,0.7261583722870929,True
FD003,rast_gru_v2,OCM-Asym,2025,50.0,5.0,29,2,0.06896551724137931,3.078889846801758,4.730225944519042,0.21233723081391434,True
FD003,rast_gru_v2,OCM-Asym,2026,20.0,0.0,14,1,0.07142857142857142,0.1703815460205078,0.1703815460205078,0.012170110430036272,True
FD003,rast_gru_v2,OCM-Asym,2026,20.0,0.5,14,0,0.0,,,0.0,False
FD003,rast_gru_v2,OCM-Asym,2026,20.0,1.0,14,0,0.0,,,0.0,False
FD003,rast_gru_v2,OCM-Asym,2026,20.0,2.0,14,0,0.0,,,0.0,False
FD003,rast_gru_v2,OCM-Asym,2026,20.0,5.0,14,0,0.0,,,0.0,False
FD003,rast_gru_v2,OCM-Asym,2026,30.0,0.0,20,3,0.15,2.7694098154703775,5.793356323242187,0.41541147232055664,True
FD003,rast_gru_v2,OCM-Asym,2026,30.0,0.5,20,2,0.1,3.5689239501953125,5.508910369873047,0.35689239501953124,True
FD003,rast_gru_v2,OCM-Asym,2026,30.0,1.0,20,2,0.1,3.0689239501953125,5.008910369873047,0.30689239501953125,True
FD003,rast_gru_v2,OCM-Asym,2026,30.0,2.0,20,1,0.05,4.224464416503906,4.224464416503906,0.21122322082519532,True
FD003,rast_gru_v2,OCM-Asym,2026,30.0,5.0,20,1,0.05,1.2244644165039062,1.2244644165039062,0.06122322082519531,True
FD003,rast_gru_v2,OCM-Asym,2026,40.0,0.0,23,3,0.13043478260869565,2.7694098154703775,5.793356323242187,0.36122736723526666,True
FD003,rast_gru_v2,OCM-Asym,2026,40.0,0.5,23,2,0.08695652173913043,3.5689239501953125,5.508910369873047,0.310341213060462,True
FD003,rast_gru_v2,OCM-Asym,2026,40.0,1.0,23,2,0.08695652173913043,3.0689239501953125,5.008910369873047,0.26686295219089673,True
FD003,rast_gru_v2,OCM-Asym,2026,40.0,2.0,23,1,0.043478260869565216,4.224464416503906,4.224464416503906,0.18367236593495245,True
FD003,rast_gru_v2,OCM-Asym,2026,40.0,5.0,23,1,0.043478260869565216,1.2244644165039062,1.2244644165039062,0.05323758332625679,True
FD003,rast_gru_v2,OCM-Asym,2026,50.0,0.0,29,4,0.13793103448275862,2.9750819206237793,5.829609489440917,0.4103561269825903,True
FD003,rast_gru_v2,OCM-Asym,2026,50.0,0.5,29,3,0.10344827586206896,3.4099820454915366,5.4612277984619135,0.3527567633267107,True
FD003,rast_gru_v2,OCM-Asym,2026,50.0,1.0,29,3,0.10344827586206896,2.9099820454915366,4.9612277984619135,0.3010326253956762,True
FD003,rast_gru_v2,OCM-Asym,2026,50.0,2.0,29,2,0.06896551724137931,2.9082813262939453,4.09284610748291,0.20057112595130658,True
FD003,rast_gru_v2,OCM-Asym,2026,50.0,5.0,29,1,0.034482758620689655,1.2244644165039062,1.2244644165039062,0.042222910913927804,True
FD003,rast_gru,RAST-GRU,42,20.0,0.0,14,1,0.07142857142857142,0.37940216064453125,0.37940216064453125,0.02710015433175223,True
FD003,rast_gru,RAST-GRU,42,20.0,0.5,14,0,0.0,,,0.0,False
FD003,rast_gru,RAST-GRU,42,20.0,1.0,14,0,0.0,,,0.0,False
FD003,rast_gru,RAST-GRU,42,20.0,2.0,14,0,0.0,,,0.0,False
FD003,rast_gru,RAST-GRU,42,20.0,5.0,14,0,0.0,,,0.0,False
FD003,rast_gru,RAST-GRU,42,30.0,0.0,20,2,0.1,1.5933809280395508,2.6859618186950684,0.15933809280395508,True
FD003,rast_gru,RAST-GRU,42,30.0,0.5,20,1,0.05,2.3073596954345703,2.3073596954345703,0.11536798477172852,True
FD003,rast_gru,RAST-GRU,42,30.0,1.0,20,1,0.05,1.8073596954345703,1.8073596954345703,0.09036798477172851,True
FD003,rast_gru,RAST-GRU,42,30.0,2.0,20,1,0.05,0.8073596954345703,0.8073596954345703,0.04036798477172852,True
FD003,rast_gru,RAST-GRU,42,30.0,5.0,20,0,0.0,,,0.0,False
FD003,rast_gru,RAST-GRU,42,40.0,0.0,23,3,0.13043478260869565,1.3097273508707683,2.6008657455444335,0.17083400228749152,True
FD003,rast_gru,RAST-GRU,42,40.0,0.5,23,2,0.08695652173913043,1.2748899459838867,2.2041127204895017,0.11085999530294667,True
FD003,rast_gru,RAST-GRU,42,40.0,1.0,23,1,0.043478260869565216,1.8073596954345703,1.8073596954345703,0.07858085632324219,True
FD003,rast_gru,RAST-GRU,42,40.0,2.0,23,1,0.043478260869565216,0.8073596954345703,0.8073596954345703,0.03510259545367697,True
FD003,rast_gru,RAST-GRU,42,40.0,5.0,23,0,0.0,,,0.0,False
FD003,rast_gru,RAST-GRU,42,50.0,0.0,29,5,0.1724137931034483,2.337339401245117,4.0687316894531245,0.4029895519388133,True
FD003,rast_gru,RAST-GRU,42,50.0,0.5,29,4,0.13793103448275862,2.3268237113952637,3.600394058227539,0.3209412015717605,True
FD003,rast_gru,RAST-GRU,42,50.0,1.0,29,3,0.10344827586206896,2.5216248830159507,3.132056427001953,0.26085774651889143,True
FD003,rast_gru,RAST-GRU,42,50.0,2.0,29,3,0.10344827586206896,1.5216248830159504,2.132056427001953,0.15740947065682248,True
FD003,rast_gru,RAST-GRU,42,50.0,5.0,29,0,0.0,,,0.0,False
FD003,rast_gru,RAST-GRU,123,20.0,0.0,14,0,0.0,,,0.0,False
FD003,rast_gru,RAST-GRU,123,20.0,0.5,14,0,0.0,,,0.0,False
FD003,rast_gru,RAST-GRU,123,20.0,1.0,14,0,0.0,,,0.0,False
FD003,rast_gru,RAST-GRU,123,20.0,2.0,14,0,0.0,,,0.0,False
FD003,rast_gru,RAST-GRU,123,20.0,5.0,14,0,0.0,,,0.0,False
FD003,rast_gru,RAST-GRU,123,30.0,0.0,20,1,0.05,0.14620208740234375,0.14620208740234375,0.007310104370117187,True
FD003,rast_gru,RAST-GRU,123,30.0,0.5,20,0,0.0,,,0.0,False
FD003,rast_gru,RAST-GRU,123,30.0,1.0,20,0,0.0,,,0.0,False
FD003,rast_gru,RAST-GRU,123,30.0,2.0,20,0,0.0,,,0.0,False
FD003,rast_gru,RAST-GRU,123,30.0,5.0,20,0,0.0,,,0.0,False
FD003,rast_gru,RAST-GRU,123,40.0,0.0,23,1,0.043478260869565216,0.14620208740234375,0.14620208740234375,0.006356612495754076,True
FD003,rast_gru,RAST-GRU,123,40.0,0.5,23,0,0.0,,,0.0,False
FD003,rast_gru,RAST-GRU,123,40.0,1.0,23,0,0.0,,,0.0,False
FD003,rast_gru,RAST-GRU,123,40.0,2.0,23,0,0.0,,,0.0,False
FD003,rast_gru,RAST-GRU,123,40.0,5.0,23,0,0.0,,,0.0,False
FD003,rast_gru,RAST-GRU,123,50.0,0.0,29,3,0.10344827586206896,0.9129346211751302,1.4016796112060548,0.09444151253535829,True
FD003,rast_gru,RAST-GRU,123,50.0,0.5,29,2,0.06896551724137931,0.7963008880615234,0.9148519515991211,0.05491730262493265,True
FD003,rast_gru,RAST-GRU,123,50.0,1.0,29,2,0.06896551724137931,0.29630088806152344,0.4148519515991211,0.020434544004242997,True
FD003,rast_gru,RAST-GRU,123,50.0,2.0,29,0,0.0,,,0.0,False
FD003,rast_gru,RAST-GRU,123,50.0,5.0,29,0,0.0,,,0.0,False
FD003,rast_gru,RAST-GRU,2024,20.0,0.0,14,0,0.0,,,0.0,False
FD003,rast_gru,RAST-GRU,2024,20.0,0.5,14,0,0.0,,,0.0,False
FD003,rast_gru,RAST-GRU,2024,20.0,1.0,14,0,0.0,,,0.0,False
FD003,rast_gru,RAST-GRU,2024,20.0,2.0,14,0,0.0,,,0.0,False
FD003,rast_gru,RAST-GRU,2024,20.0,5.0,14,0,0.0,,,0.0,False
FD003,rast_gru,RAST-GRU,2024,30.0,0.0,20,2,0.1,3.2682771682739276,4.548954296112064,0.32682771682739276,True
FD003,rast_gru,RAST-GRU,2024,30.0,0.5,20,2,0.1,2.7682771682739276,4.048954296112064,0.27682771682739277,True
FD003,rast_gru,RAST-GRU,2024,30.0,1.0,20,2,0.1,2.2682771682739276,3.548954296112064,0.22682771682739275,True
FD003,rast_gru,RAST-GRU,2024,30.0,2.0,20,1,0.05,2.6912517547607457,2.6912517547607457,0.13456258773803728,True
FD003,rast_gru,RAST-GRU,2024,30.0,5.0,20,0,0.0,,,0.0,False
FD003,rast_gru,RAST-GRU,2024,40.0,0.0,23,3,0.13043478260869565,2.9718418121337926,4.460023689270023,0.3876315407131034,True
FD003,rast_gru,RAST-GRU,2024,40.0,0.5,23,3,0.13043478260869565,2.4718418121337926,3.9600236892700234,0.32241414940875557,True
FD003,rast_gru,RAST-GRU,2024,40.0,1.0,23,3,0.13043478260869565,1.9718418121337926,3.4600236892700234,0.25719675810440773,True
FD003,rast_gru,RAST-GRU,2024,40.0,2.0,23,2,0.08695652173913043,1.5351114273071342,2.5756377220153843,0.13348795020062038,True
FD003,rast_gru,RAST-GRU,2024,40.0,5.0,23,0,0.0,,,0.0,False
FD003,rast_gru,RAST-GRU,2024,50.0,0.0,29,5,0.1724137931034483,2.55289344787598,4.4052223205566445,0.44015404273723796,True
FD003,rast_gru,RAST-GRU,2024,50.0,0.5,29,5,0.1724137931034483,2.05289344787598,3.9052223205566445,0.3539471461855138,True
FD003,rast_gru,RAST-GRU,2024,50.0,1.0,29,4,0.13793103448275862,2.044157505035405,3.4767296791076694,0.28195275931522823,True
FD003,rast_gru,RAST-GRU,2024,50.0,2.0,29,3,0.10344827586206896,1.4437758127848366,2.548237037658695,0.14935611856394862,True
FD003,rast_gru,RAST-GRU,2024,50.0,5.0,29,0,0.0,,,0.0,False
FD003,rast_gru,RAST-GRU,2025,20.0,0.0,14,0,0.0,,,0.0,False
FD003,rast_gru,RAST-GRU,2025,20.0,0.5,14,0,0.0,,,0.0,False
FD003,rast_gru,RAST-GRU,2025,20.0,1.0,14,0,0.0,,,0.0,False
FD003,rast_gru,RAST-GRU,2025,20.0,2.0,14,0,0.0,,,0.0,False
FD003,rast_gru,RAST-GRU,2025,20.0,5.0,14,0,0.0,,,0.0,False
FD003,rast_gru,RAST-GRU,2025,30.0,0.0,20,1,0.05,2.441293716430664,2.441293716430664,0.12206468582153321,True
FD003,rast_gru,RAST-GRU,2025,30.0,0.5,20,1,0.05,1.941293716430664,1.941293716430664,0.0970646858215332,True
FD003,rast_gru,RAST-GRU,2025,30.0,1.0,20,1,0.05,1.441293716430664,1.441293716430664,0.0720646858215332,True
FD003,rast_gru,RAST-GRU,2025,30.0,2.0,20,1,0.05,0.44129371643066406,0.44129371643066406,0.022064685821533203,True
FD003,rast_gru,RAST-GRU,2025,30.0,5.0,20,0,0.0,,,0.0,False
FD003,rast_gru,RAST-GRU,2025,40.0,0.0,23,2,0.08695652173913043,1.2313299179077148,2.3202973365783692,0.1070721667745839,True
FD003,rast_gru,RAST-GRU,2025,40.0,0.5,23,1,0.043478260869565216,1.941293716430664,1.941293716430664,0.08440407462742018,True
FD003,rast_gru,RAST-GRU,2025,40.0,1.0,23,1,0.043478260869565216,1.441293716430664,1.441293716430664,0.06266494419263757,True
FD003,rast_gru,RAST-GRU,2025,40.0,2.0,23,1,0.043478260869565216,0.44129371643066406,0.44129371643066406,0.01918668332307235,True
FD003,rast_gru,RAST-GRU,2025,40.0,5.0,23,0,0.0,,,0.0,False
FD003,rast_gru,RAST-GRU,2025,50.0,0.0,29,3,0.10344827586206896,0.9463087717692057,2.234790992736816,0.09789401087267645,True
FD003,rast_gru,RAST-GRU,2025,50.0,0.5,29,1,0.034482758620689655,1.941293716430664,1.941293716430664,0.06694116263554015,True
FD003,rast_gru,RAST-GRU,2025,50.0,1.0,29,1,0.034482758620689655,1.441293716430664,1.441293716430664,0.04969978332519531,True
FD003,rast_gru,RAST-GRU,2025,50.0,2.0,29,1,0.034482758620689655,0.44129371643066406,0.44129371643066406,0.015217024704505658,True
FD003,rast_gru,RAST-GRU,2025,50.0,5.0,29,0,0.0,,,0.0,False
FD003,rast_gru,RAST-GRU,2026,20.0,0.0,14,3,0.21428571428571427,0.5622736612955741,1.0962019920349124,0.12048721313476587,True
FD003,rast_gru,RAST-GRU,2026,20.0,0.5,14,1,0.07142857142857142,0.6649866104125977,0.6649866104125977,0.047499043600899835,True
FD003,rast_gru,RAST-GRU,2026,20.0,1.0,14,1,0.07142857142857142,0.16498661041259766,0.16498661041259766,0.011784757886614119,True
FD003,rast_gru,RAST-GRU,2026,20.0,2.0,14,0,0.0,,,0.0,False
FD003,rast_gru,RAST-GRU,2026,20.0,5.0,14,0,0.0,,,0.0,False
FD003,rast_gru,RAST-GRU,2026,30.0,0.0,20,5,0.25,2.078409957885743,5.793497085571288,0.5196024894714357,True
FD003,rast_gru,RAST-GRU,2026,30.0,0.5,20,3,0.15,2.7900718053181968,5.773791313171387,0.41851077079772947,True
FD003,rast_gru,RAST-GRU,2026,30.0,1.0,20,3,0.15,2.2900718053181968,5.273791313171387,0.3435107707977295,True
FD003,rast_gru,RAST-GRU,2026,30.0,2.0,20,1,0.05,4.754085540771484,4.754085540771484,0.23770427703857422,True
FD003,rast_gru,RAST-GRU,2026,30.0,5.0,20,1,0.05,1.7540855407714844,1.7540855407714844,0.08770427703857422,True
FD003,rast_gru,RAST-GRU,2026,40.0,0.0,23,5,0.21739130434782608,2.078409957885743,5.793497085571288,0.4518282517142919,True
FD003,rast_gru,RAST-GRU,2026,40.0,0.5,23,3,0.13043478260869565,2.7900718053181968,5.773791313171387,0.36392240938933,True
FD003,rast_gru,RAST-GRU,2026,40.0,1.0,23,3,0.13043478260869565,2.2900718053181968,5.273791313171387,0.2987050180849822,True
FD003,rast_gru,RAST-GRU,2026,40.0,2.0,23,1,0.043478260869565216,4.754085540771484,4.754085540771484,0.20669937133789062,True
FD003,rast_gru,RAST-GRU,2026,40.0,5.0,23,1,0.043478260869565216,1.7540855407714844,1.7540855407714844,0.07626458872919498,True
FD003,rast_gru,RAST-GRU,2026,50.0,0.0,29,7,0.2413793103448276,2.931661060878209,6.94951057434082,0.7076423250395677,True
FD003,rast_gru,RAST-GRU,2026,50.0,0.5,29,5,0.1724137931034483,3.499958610534668,6.477428436279297,0.6034411397473566,True
FD003,rast_gru,RAST-GRU,2026,50.0,1.0,29,5,0.1724137931034483,2.999958610534668,5.977428436279297,0.5172342431956324,True
FD003,rast_gru,RAST-GRU,2026,50.0,2.0,29,3,0.10344827586206896,3.627887725830078,5.005346298217773,0.3752987302582839,True
FD003,rast_gru,RAST-GRU,2026,50.0,5.0,29,2,0.06896551724137931,1.8936748504638672,2.0193052291870117,0.1305982655492322,True
FD004,rast_gru_v2,OCM-Asym,42,20.0,0.0,40,9,0.225,1.5067218674553764,3.743025779724121,0.3390124201774597,True
FD004,rast_gru_v2,OCM-Asym,42,20.0,0.5,40,7,0.175,1.3958395549229208,3.3025183677673335,0.24427192211151114,True
FD004,rast_gru_v2,OCM-Asym,42,20.0,1.0,40,4,0.1,1.7983906269073482,2.8917572498321533,0.17983906269073482,True
FD004,rast_gru_v2,OCM-Asym,42,20.0,2.0,40,3,0.075,1.2010606129964188,1.9215035438537598,0.0900795459747314,True
FD004,rast_gru_v2,OCM-Asym,42,20.0,5.0,40,0,0.0,,,0.0,False
FD004,rast_gru_v2,OCM-Asym,42,30.0,0.0,53,13,0.24528301886792453,2.0097127694350023,4.349732589721679,0.4929484151444345,True
FD004,rast_gru_v2,OCM-Asym,42,30.0,0.5,53,11,0.20754716981132076,1.8487860072742806,3.915925979614258,0.3837103033965488,True
FD004,rast_gru_v2,OCM-Asym,42,30.0,1.0,53,8,0.1509433962264151,1.9699164628982542,3.5152160644531247,0.2973458811921893,True
FD004,rast_gru_v2,OCM-Asym,42,30.0,2.0,53,5,0.09433962264150944,1.6870067596435543,2.614506149291992,0.1591515810984485,True
FD004,rast_gru_v2,OCM-Asym,42,30.0,5.0,53,0,0.0,,,0.0,False
FD004,rast_gru_v2,OCM-Asym,42,40.0,0.0,69,14,0.2028985507246377,1.8853048256465368,4.3166358947753904,0.382525616797848,True
FD004,rast_gru_v2,OCM-Asym,42,40.0,0.5,69,11,0.15942028985507245,1.8487860072742806,3.915925979614258,0.2947340011596679,True
FD004,rast_gru_v2,OCM-Asym,42,40.0,1.0,69,8,0.11594202898550725,1.9699164628982542,3.5152160644531247,0.2283961116403773,True
FD004,rast_gru_v2,OCM-Asym,42,40.0,2.0,69,5,0.07246376811594203,1.6870067596435543,2.614506149291992,0.12224686664083727,True
FD004,rast_gru_v2,OCM-Asym,42,40.0,5.0,69,0,0.0,,,0.0,False
FD004,rast_gru_v2,OCM-Asym,42,50.0,0.0,80,18,0.225,3.4536988735198975,8.151470470428436,0.7770822465419769,True
FD004,rast_gru_v2,OCM-Asym,42,50.0,0.5,80,15,0.1875,3.6072638829549155,11.056048011779762,0.6763619780540466,True
FD004,rast_gru_v2,OCM-Asym,42,50.0,1.0,80,12,0.15,3.960970322291056,13.960625553131088,0.5941455483436584,True
FD004,rast_gru_v2,OCM-Asym,42,50.0,2.0,80,9,0.1125,4.023038440280491,16.365203094482414,0.45259182453155516,True
FD004,rast_gru_v2,OCM-Asym,42,50.0,5.0,80,1,0.0125,22.444076538085938,22.444076538085938,0.2805509567260742,True
FD004,rast_gru_v2,OCM-Asym,123,20.0,0.0,40,10,0.25,2.884419822692871,8.345921611785888,0.7211049556732178,True
FD004,rast_gru_v2,OCM-Asym,123,20.0,0.5,40,9,0.225,2.673878139919705,7.88930435180664,0.6016225814819336,True
FD004,rast_gru_v2,OCM-Asym,123,20.0,1.0,40,8,0.2,2.452109456062317,7.432687091827392,0.4904218912124634,True
FD004,rast_gru_v2,OCM-Asym,123,20.0,2.0,40,4,0.1,3.2769365310668945,6.6062180519104,0.32769365310668946,True
FD004,rast_gru_v2,OCM-Asym,123,20.0,5.0,40,2,0.05,3.3025388717651367,3.692983531951904,0.16512694358825683,True
FD004,rast_gru_v2,OCM-Asym,123,30.0,0.0,53,14,0.2641509433962264,3.5531106676374167,8.17239065170288,0.9385575348476195,True
FD004,rast_gru_v2,OCM-Asym,123,30.0,0.5,53,13,0.24528301886792453,3.3049426445594206,7.715773391723632,0.8106463090428767,True
FD004,rast_gru_v2,OCM-Asym,123,30.0,1.0,53,12,0.22641509433962265,3.0430188973744716,7.259156131744384,0.6889854107262955,True
FD004,rast_gru_v2,OCM-Asym,123,30.0,2.0,53,8,0.1509433962264151,3.250887155532838,6.432687091827392,0.49069994800495664,True
FD004,rast_gru_v2,OCM-Asym,123,30.0,5.0,53,4,0.07547169811320754,2.910745620727539,3.6062180519104,0.21967891477188975,True
FD004,rast_gru_v2,OCM-Asym,123,40.0,0.0,69,15,0.21739130434782608,3.3649770100911462,8.129007911682129,0.7315167413241622,True
FD004,rast_gru_v2,OCM-Asym,123,40.0,0.5,69,14,0.2028985507246377,3.0853828702654162,7.67239065170288,0.6260197128074758,True
FD004,rast_gru_v2,OCM-Asym,123,40.0,1.0,69,12,0.17391304347826086,3.0430188973744716,7.259156131744384,0.529220677804256,True
FD004,rast_gru_v2,OCM-Asym,123,40.0,2.0,69,8,0.11594202898550725,3.250887155532838,6.432687091827392,0.3769144528154015,True
FD004,rast_gru_v2,OCM-Asym,123,40.0,5.0,69,4,0.057971014492753624,2.910745620727539,3.6062180519104,0.1687388765639153,True
FD004,rast_gru_v2,OCM-Asym,123,50.0,0.0,80,19,0.2375,6.818723377428557,26.602290344238245,1.6194468021392823,True
FD004,rast_gru_v2,OCM-Asym,123,50.0,0.5,80,18,0.225,6.682024955749512,26.959004211425757,1.5034556150436402,True
FD004,rast_gru_v2,OCM-Asym,123,50.0,1.0,80,16,0.2,6.974832236766815,28.17243194580078,1.394966447353363,True
FD004,rast_gru_v2,OCM-Asym,123,50.0,2.0,80,12,0.15,8.09068218866984,30.59928741455077,1.213602328300476,True
FD004,rast_gru_v2,OCM-Asym,123,50.0,5.0,80,7,0.0875,10.488652910505023,31.88285675048827,0.9177571296691894,True
FD004,rast_gru_v2,OCM-Asym,2024,20.0,0.0,40,11,0.275,2.7609745372425425,6.124138832092285,0.7592679977416992,True
FD004,rast_gru_v2,OCM-Asym,2024,20.0,0.5,40,9,0.225,2.8465676837497287,5.901972198486327,0.6404777288436889,True
FD004,rast_gru_v2,OCM-Asym,2024,20.0,1.0,40,8,0.2,2.676405906677246,5.540888881683348,0.5352811813354492,True
FD004,rast_gru_v2,OCM-Asym,2024,20.0,2.0,40,5,0.125,2.8939085006713867,4.957638931274413,0.36173856258392334,True
FD004,rast_gru_v2,OCM-Asym,2024,20.0,5.0,40,1,0.025,2.5133056640625,2.5133056640625,0.0628326416015625,True
FD004,rast_gru_v2,OCM-Asym,2024,30.0,0.0,53,17,0.32075471698113206,3.7221510270062614,9.495886993408202,1.1938974992284235,True
FD004,rast_gru_v2,OCM-Asym,2024,30.0,0.5,53,15,0.2830188679245283,3.701663780212402,9.07283477783203,1.047640692512944,True
FD004,rast_gru_v2,OCM-Asym,2024,30.0,1.0,53,14,0.2641509433962264,3.451221057346889,8.611308670043945,0.9116432981671028,True
FD004,rast_gru_v2,OCM-Asym,2024,30.0,2.0,53,8,0.1509433962264151,4.63590133190155,7.842152023315429,0.6997586916077811,True
FD004,rast_gru_v2,OCM-Asym,2024,30.0,5.0,53,4,0.07547169811320754,4.032743453979492,4.996047592163086,0.3043579965267541,True
FD004,rast_gru_v2,OCM-Asym,2024,40.0,0.0,69,22,0.3188405797101449,3.307876847007058,9.333102226257324,1.0546853715094968,True
FD004,rast_gru_v2,OCM-Asym,2024,40.0,0.5,69,19,0.2753623188405797,3.2939086211355106,8.918939208984373,0.9070183159648507,True
FD004,rast_gru_v2,OCM-Asym,2024,40.0,1.0,69,16,0.2318840579710145,3.3570467233657837,8.534360885620117,0.7784456170123556,True
FD004,rast_gru_v2,OCM-Asym,2024,40.0,2.0,69,10,0.14492753623188406,4.04828634262085,7.7652042388916005,0.5867081655972246,True
FD004,rast_gru_v2,OCM-Asym,2024,40.0,5.0,69,4,0.057971014492753624,4.032743453979492,4.996047592163086,0.23378222921620245,True
FD004,rast_gru_v2,OCM-Asym,2024,50.0,0.0,80,27,0.3375,4.93113319962113,10.456088638305664,1.6642574548721314,True
FD004,rast_gru_v2,OCM-Asym,2024,50.0,0.5,80,24,0.3,5.018815398216248,10.029935646057128,1.5056446194648743,True
FD004,rast_gru_v2,OCM-Asym,2024,50.0,1.0,80,21,0.2625,5.19428825378418,9.603782653808594,1.3635006666183471,True
FD004,rast_gru_v2,OCM-Asym,2024,50.0,2.0,80,15,0.1875,6.056677945454916,14.892125701904273,1.1356271147727965,True
FD004,rast_gru_v2,OCM-Asym,2024,50.0,5.0,80,8,0.1,6.7413225173950195,19.228525924682607,0.674132251739502,True
FD004,rast_gru_v2,OCM-Asym,2025,20.0,0.0,40,4,0.1,4.211927652359008,5.1327757835388175,0.42119276523590077,True
FD004,rast_gru_v2,OCM-Asym,2025,20.0,0.5,40,4,0.1,3.711927652359008,4.6327757835388175,0.3711927652359008,True
FD004,rast_gru_v2,OCM-Asym,2025,20.0,1.0,40,4,0.1,3.211927652359008,4.1327757835388175,0.3211927652359008,True
FD004,rast_gru_v2,OCM-Asym,2025,20.0,2.0,40,4,0.1,2.211927652359008,3.132775783538818,0.22119276523590078,True
FD004,rast_gru_v2,OCM-Asym,2025,20.0,5.0,40,2,0.05,0.09527492523193182,0.14349031448364238,0.004763746261596591,True
FD004,rast_gru_v2,OCM-Asym,2025,30.0,0.0,53,9,0.16981132075471697,3.3771418465508356,5.105989456176756,0.5734769173388211,True
FD004,rast_gru_v2,OCM-Asym,2025,30.0,0.5,53,9,0.16981132075471697,2.8771418465508356,4.605989456176756,0.48857125696146264,True
FD004,rast_gru_v2,OCM-Asym,2025,30.0,1.0,53,7,0.1320754716981132,3.1105615070887978,4.116703987121581,0.41082887829474685,True
FD004,rast_gru_v2,OCM-Asym,2025,30.0,2.0,53,7,0.1320754716981132,2.1105615070887973,3.1167039871215807,0.2787534065966336,True
FD004,rast_gru_v2,OCM-Asym,2025,30.0,5.0,53,2,0.03773584905660377,0.09527492523193182,0.14349031448364238,0.003595280197431389,True
FD004,rast_gru_v2,OCM-Asym,2025,40.0,0.0,69,11,0.15942028985507245,3.2694709951227363,5.230391502380371,0.5212200137152188,True
FD004,rast_gru_v2,OCM-Asym,2025,40.0,0.5,69,10,0.14492753623188406,3.070621204376221,4.738545894622803,0.44501756585162616,True
FD004,rast_gru_v2,OCM-Asym,2025,40.0,1.0,69,8,0.11594202898550725,3.2607332468032837,4.254854679107666,0.3780560286148734,True
FD004,rast_gru_v2,OCM-Asym,2025,40.0,2.0,69,8,0.11594202898550725,2.2607332468032837,3.254854679107666,0.2621139996293662,True
FD004,rast_gru_v2,OCM-Asym,2025,40.0,5.0,69,3,0.043478260869565216,0.1674950917561837,0.2956266403198242,0.007282395293747118,True
FD004,rast_gru_v2,OCM-Asym,2025,50.0,0.0,80,15,0.1875,5.074366060892741,16.749350738525383,0.951443636417389,True
FD004,rast_gru_v2,OCM-Asym,2025,50.0,0.5,80,14,0.175,4.9183944293430875,16.562229537963866,0.8607190251350405,True
FD004,rast_gru_v2,OCM-Asym,2025,50.0,1.0,80,11,0.1375,5.681362238797276,17.000865936279297,0.7811873078346252,True
FD004,rast_gru_v2,OCM-Asym,2025,50.0,2.0,80,11,0.1375,4.681362238797276,16.000865936279297,0.6436873078346252,True
FD004,rast_gru_v2,OCM-Asym,2025,50.0,5.0,80,5,0.0625,5.300843429565429,14.878138732910156,0.3313027143478393,True
FD004,rast_gru_v2,OCM-Asym,2026,20.0,0.0,40,1,0.025,1.8868284225463885,1.8868284225463885,0.047170710563659714,True
FD004,rast_gru_v2,OCM-Asym,2026,20.0,0.5,40,1,0.025,1.3868284225463885,1.3868284225463885,0.03467071056365971,True
FD004,rast_gru_v2,OCM-Asym,2026,20.0,1.0,40,1,0.025,0.8868284225463885,0.8868284225463885,0.022170710563659712,True
FD004,rast_gru_v2,OCM-Asym,2026,20.0,2.0,40,0,0.0,,,0.0,False
FD004,rast_gru_v2,OCM-Asym,2026,20.0,5.0,40,0,0.0,,,0.0,False
FD004,rast_gru_v2,OCM-Asym,2026,30.0,0.0,53,7,0.1320754716981132,3.2603848321097244,7.383010292053222,0.4306168646182655,True
FD004,rast_gru_v2,OCM-Asym,2026,30.0,0.5,53,5,0.09433962264150944,3.9628328323364257,7.012685394287109,0.37385215399400246,True
FD004,rast_gru_v2,OCM-Asym,2026,30.0,1.0,53,5,0.09433962264150944,3.4628328323364257,6.512685394287109,0.3266823426732477,True
FD004,rast_gru_v2,OCM-Asym,2026,30.0,2.0,53,3,0.05660377358490566,4.290269851684569,5.642360496520996,0.24284546330290013,True
FD004,rast_gru_v2,OCM-Asym,2026,30.0,5.0,53,2,0.03773584905660377,2.123660087585449,2.7071980476379394,0.08013811651265847,True
FD004,rast_gru_v2,OCM-Asym,2026,40.0,0.0,69,12,0.17391304347826086,3.2227237224578857,7.904689502716065,0.560473690862241,True
FD004,rast_gru_v2,OCM-Asym,2026,40.0,0.5,69,10,0.14492753623188406,3.3164155006408693,7.434168148040771,0.48063992762911145,True
FD004,rast_gru_v2,OCM-Asym,2026,40.0,1.0,69,9,0.13043478260869565,3.1416631274753146,6.948907470703125,0.40978214706199756,True
FD004,rast_gru_v2,OCM-Asym,2026,40.0,2.0,69,5,0.07246376811594203,4.061428451538085,6.007864761352539,0.2943064095317453,True
FD004,rast_gru_v2,OCM-Asym,2026,40.0,5.0,69,3,0.043478260869565216,2.438047409057617,3.037343406677246,0.10600206126337466,True
FD004,rast_gru_v2,OCM-Asym,2026,50.0,0.0,80,17,0.2125,5.743886442745433,16.53173370361327,1.2205758690834045,True
FD004,rast_gru_v2,OCM-Asym,2026,50.0,0.5,80,15,0.1875,5.975835990905762,17.550902175903303,1.1204692482948304,True
FD004,rast_gru_v2,OCM-Asym,2026,50.0,1.0,80,14,0.175,5.874882357461112,17.810486412048334,1.0281044125556946,True
FD004,rast_gru_v2,OCM-Asym,2026,50.0,2.0,80,10,0.125,6.928052711486816,19.8488233566284,0.866006588935852,True
FD004,rast_gru_v2,OCM-Asym,2026,50.0,5.0,80,6,0.075,7.635835965474446,19.887160301208496,0.5726876974105835,True
FD004,rast_gru,RAST-GRU,42,20.0,0.0,40,10,0.25,2.543123483657837,6.377211666107175,0.6357808709144592,True
FD004,rast_gru,RAST-GRU,42,20.0,0.5,40,8,0.2,2.5912333726882935,6.319022464752197,0.5182466745376587,True
FD004,rast_gru,RAST-GRU,42,20.0,1.0,40,8,0.2,2.0912333726882935,5.819022464752197,0.4182466745376587,True
FD004,rast_gru,RAST-GRU,42,20.0,2.0,40,4,0.1,2.8709666728973398,5.702644062042237,0.287096667289734,True
FD004,rast_gru,RAST-GRU,42,20.0,5.0,40,1,0.025,3.365360260009769,3.365360260009769,0.08413400650024423,True
FD004,rast_gru,RAST-GRU,42,30.0,0.0,53,15,0.2830188679245283,3.1187936464945474,7.746573066711426,0.8826774471210985,True
FD004,rast_gru,RAST-GRU,42,30.0,0.5,53,13,0.24528301886792453,3.044656680180476,7.334971237182617,0.7468025819310603,True
FD004,rast_gru,RAST-GRU,42,30.0,1.0,53,13,0.24528301886792453,2.544656680180476,6.834971237182617,0.6241610724970981,True
FD004,rast_gru,RAST-GRU,42,30.0,2.0,53,8,0.1509433962264151,2.903767704963685,6.055966663360597,0.4383045592398015,True
FD004,rast_gru,RAST-GRU,42,30.0,5.0,53,3,0.05660377358490566,2.540369033813478,3.276962089538577,0.14379447361208364,True
FD004,rast_gru,RAST-GRU,42,40.0,0.0,69,17,0.2463768115942029,3.1119799052967747,7.658174896240235,0.7667196868122489,True
FD004,rast_gru,RAST-GRU,42,40.0,0.5,69,15,0.21739130434782608,2.9801527023315435,7.246573066711426,0.647859283115553,True
FD004,rast_gru,RAST-GRU,42,40.0,1.0,69,14,0.2028985507246377,2.660556043897356,6.7907721519470226,0.5398229654284491,True
FD004,rast_gru,RAST-GRU,42,40.0,2.0,69,9,0.13043478260869565,2.9330432679918084,6.011767578125002,0.3825708610424098,True
FD004,rast_gru,RAST-GRU,42,40.0,5.0,69,4,0.057971014492753624,1.9470887184143075,3.2327630043029814,0.1128747083138729,True
FD004,rast_gru,RAST-GRU,42,50.0,0.0,80,21,0.2625,4.824334757668631,9.880332946777344,1.2663878738880157,True
FD004,rast_gru,RAST-GRU,42,50.0,0.5,80,19,0.2375,4.795245371366802,11.970921325683538,1.1388707756996155,True
FD004,rast_gru,RAST-GRU,42,50.0,1.0,80,18,0.225,4.536397563086616,12.766215515136683,1.0206894516944884,True
FD004,rast_gru,RAST-GRU,42,50.0,2.0,80,11,0.1375,6.187630826776678,20.833274841308594,0.8507992386817932,True
FD004,rast_gru,RAST-GRU,42,50.0,5.0,80,6,0.075,7.242484092712402,24.30974578857422,0.5431863069534302,True
FD004,rast_gru,RAST-GRU,123,20.0,0.0,40,12,0.3,2.293088515599569,7.066072559356688,0.6879265546798706,True
FD004,rast_gru,RAST-GRU,123,20.0,0.5,40,9,0.225,2.461738798353407,6.838455963134765,0.5538912296295166,True
FD004,rast_gru,RAST-GRU,123,20.0,1.0,40,9,0.225,1.9617387983534071,6.338455963134765,0.4413912296295166,True
FD004,rast_gru,RAST-GRU,123,20.0,2.0,40,3,0.075,4.02381706237793,5.883222770690918,0.3017862796783447,True
FD004,rast_gru,RAST-GRU,123,20.0,5.0,40,2,0.05,2.156867027282715,2.9740172386169434,0.10784335136413574,True
FD004,rast_gru,RAST-GRU,123,30.0,0.0,53,18,0.33962264150943394,3.4099241362677684,9.463306427001951,1.1580874425060346,True
FD004,rast_gru,RAST-GRU,123,30.0,0.5,53,15,0.2830188679245283,3.5344814300537113,9.70599365234375,1.0003249330340693,True
FD004,rast_gru,RAST-GRU,123,30.0,1.0,53,13,0.24528301886792453,3.512387055617113,9.701118469238278,0.8615289004343862,True
FD004,rast_gru,RAST-GRU,123,30.0,2.0,53,6,0.11320754716981132,6.174546559651695,10.434055328369142,0.6990052709039655,True
FD004,rast_gru,RAST-GRU,123,30.0,5.0,53,5,0.09433962264150944,4.057912445068362,7.681617736816407,0.3828219287800341,True
FD004,rast_gru,RAST-GRU,123,40.0,0.0,69,21,0.30434782608695654,3.4233083724975595,8.720619201660163,1.0418764611949096,True
FD004,rast_gru,RAST-GRU,123,40.0,0.5,69,18,0.2608695652173913,3.4460034900241436,8.963306427001951,0.8989574321802114,True
FD004,rast_gru,RAST-GRU,123,40.0,1.0,69,15,0.21739130434782608,3.545019912719728,9.20599365234375,0.7706565027651582,True
FD004,rast_gru,RAST-GRU,123,40.0,2.0,69,8,0.11594202898550725,5.320193290710451,9.93893051147461,0.6168340047200523,True
FD004,rast_gru,RAST-GRU,123,40.0,5.0,69,6,0.08695652173913043,3.5742753346761096,7.434055328369142,0.31080655084140085,True
FD004,rast_gru,RAST-GRU,123,50.0,0.0,80,25,0.3125,6.969263725280761,13.782908630371093,2.177894914150238,True
FD004,rast_gru,RAST-GRU,123,50.0,0.5,80,22,0.275,7.38046273318204,13.30372886657715,2.029627251625061,True
FD004,rast_gru,RAST-GRU,123,50.0,1.0,80,18,0.225,8.4202544954088,22.51124992370596,1.89455726146698,True
FD004,rast_gru,RAST-GRU,123,50.0,2.0,80,11,0.1375,12.540984413840555,44.14593887329101,1.7243853569030763,True
FD004,rast_gru,RAST-GRU,123,50.0,5.0,80,9,0.1125,11.981659359402126,47.612992858886685,1.3479366779327393,True
FD004,rast_gru,RAST-GRU,2024,20.0,0.0,40,16,0.4,2.56644806265831,7.098361968994141,1.0265792250633239,True
FD004,rast_gru,RAST-GRU,2024,20.0,0.5,40,15,0.375,2.218254311879476,6.746913146972653,0.8318453669548035,True
FD004,rast_gru,RAST-GRU,2024,20.0,1.0,40,12,0.3,2.2140084505081177,6.692566680908201,0.6642025351524353,True
FD004,rast_gru,RAST-GRU,2024,20.0,2.0,40,7,0.175,2.4756641387939453,6.435322570800779,0.4332412242889404,True
FD004,rast_gru,RAST-GRU,2024,20.0,5.0,40,3,0.075,1.9556605021158855,4.029527282714843,0.1466745376586914,True
FD004,rast_gru,RAST-GRU,2024,30.0,0.0,53,23,0.4339622641509434,2.63424829814745,7.219603538513179,1.143164355799837,True
FD004,rast_gru,RAST-GRU,2024,30.0,0.5,53,21,0.39622641509433965,2.3559518314543224,6.815603256225582,0.93349034831209,True
FD004,rast_gru,RAST-GRU,2024,30.0,1.0,53,17,0.32075471698113206,2.354899097891415,6.717808532714839,0.755344993663284,True
FD004,rast_gru,RAST-GRU,2024,30.0,2.0,53,11,0.20754716981132076,2.408463564786044,6.321116447448729,0.499869796465028,True
FD004,rast_gru,RAST-GRU,2024,30.0,5.0,53,4,0.07547169811320754,2.0456461906433097,4.02497568130493,0.15438839174666488,True
FD004,rast_gru,RAST-GRU,2024,40.0,0.0,69,25,0.36231884057971014,2.6909025382995604,7.123603820800776,0.9749646877896958,True
FD004,rast_gru,RAST-GRU,2024,40.0,0.5,69,23,0.3333333333333333,2.3982539591581924,6.719603538513179,0.7994179863860642,True
FD004,rast_gru,RAST-GRU,2024,40.0,1.0,69,19,0.2753623188405797,2.3535861718027213,6.516705894470207,0.6480889458587205,True
FD004,rast_gru,RAST-GRU,2024,40.0,2.0,69,12,0.17391304347826086,2.435515721638998,6.220565128326412,0.423567951589391,True
FD004,rast_gru,RAST-GRU,2024,40.0,5.0,69,4,0.057971014492753624,2.0456461906433097,4.02497568130493,0.11858818496482955,True
FD004,rast_gru,RAST-GRU,2024,50.0,0.0,80,30,0.375,3.767211389541627,9.509462928771976,1.4127042710781101,True
FD004,rast_gru,RAST-GRU,2024,50.0,0.5,80,28,0.35,3.5144149746213644,9.042705345153813,1.2300452411174778,True
FD004,rast_gru,RAST-GRU,2024,50.0,1.0,80,24,0.3,3.560913145542145,8.609190177917485,1.0682739436626438,True
FD004,rast_gru,RAST-GRU,2024,50.0,2.0,80,17,0.2125,3.8217627581428086,10.880497741699212,0.8121245861053469,True
FD004,rast_gru,RAST-GRU,2024,50.0,5.0,80,6,0.075,5.6013186772664385,16.739468574523926,0.4200989007949829,True
FD004,rast_gru,RAST-GRU,2025,20.0,0.0,40,9,0.225,2.619254959954156,7.130373764038083,0.5893323659896851,True
FD004,rast_gru,RAST-GRU,2025,20.0,0.5,40,7,0.175,2.735792977469308,7.247333145141598,0.4787637710571289,True
FD004,rast_gru,RAST-GRU,2025,20.0,1.0,40,6,0.15,2.649143218994141,7.055812835693359,0.39737148284912116,True
FD004,rast_gru,RAST-GRU,2025,20.0,2.0,40,4,0.1,2.8148970603942876,6.672772216796873,0.28148970603942874,True
FD004,rast_gru,RAST-GRU,2025,20.0,5.0,40,1,0.025,4.598211288452148,4.598211288452148,0.11495528221130372,True
FD004,rast_gru,RAST-GRU,2025,30.0,0.0,53,15,0.2830188679245283,3.003395652770996,8.058301544189451,0.850017637576697,True
FD004,rast_gru,RAST-GRU,2025,30.0,0.5,53,11,0.20754716981132076,3.4356970353560015,7.9982757568359375,0.7130691960172834,True
FD004,rast_gru,RAST-GRU,2025,30.0,1.0,53,10,0.18867924528301888,3.2536975860595705,7.6082693099975565,0.6139052049169,True
FD004,rast_gru,RAST-GRU,2025,30.0,2.0,53,8,0.1509433962264151,2.987713098526001,6.8282564163208,0.4509755620416605,True
FD004,rast_gru,RAST-GRU,2025,30.0,5.0,53,3,0.05660377358490566,2.8164596557617188,4.378224182128906,0.15942224466575766,True
FD004,rast_gru,RAST-GRU,2025,40.0,0.0,69,16,0.2318840579710145,2.8506863713264465,7.948307991027832,0.6610287237858427,True
FD004,rast_gru,RAST-GRU,2025,40.0,0.5,69,12,0.17391304347826086,3.154392878214518,7.888282203674315,0.548590065776438,True
FD004,rast_gru,RAST-GRU,2025,40.0,1.0,69,10,0.14492753623188406,3.2536975860595705,7.6082693099975565,0.47155037479124207,True
FD004,rast_gru,RAST-GRU,2025,40.0,2.0,69,8,0.11594202898550725,2.987713098526001,6.8282564163208,0.3464015186696813,True
FD004,rast_gru,RAST-GRU,2025,40.0,5.0,69,3,0.043478260869565216,2.8164596557617188,4.378224182128906,0.12245476764181386,True
FD004,rast_gru,RAST-GRU,2025,50.0,0.0,80,19,0.2375,4.492739476655659,13.361550521850571,1.067025625705719,True
FD004,rast_gru,RAST-GRU,2025,50.0,0.5,80,15,0.1875,5.073585510253906,14.325633621215813,0.9512972831726074,True
FD004,rast_gru,RAST-GRU,2025,50.0,1.0,80,13,0.1625,5.329849536602314,14.557675170898428,0.866100549697876,True
FD004,rast_gru,RAST-GRU,2025,50.0,2.0,80,11,0.1375,5.241161173040217,14.289716720581055,0.7206596612930298,True
FD004,rast_gru,RAST-GRU,2025,50.0,5.0,80,6,0.075,5.533407847086589,13.119820594787598,0.41500558853149416,True
FD004,rast_gru,RAST-GRU,2026,20.0,0.0,40,13,0.325,3.498293950007512,7.593121719360349,1.1369455337524415,True
FD004,rast_gru,RAST-GRU,2026,20.0,0.5,40,13,0.325,2.998293950007512,7.093121719360349,0.9744455337524414,True
FD004,rast_gru,RAST-GRU,2026,20.0,1.0,40,12,0.3,2.735092798868815,6.668762779235839,0.8205278396606446,True
FD004,rast_gru,RAST-GRU,2026,20.0,2.0,40,9,0.225,2.3946221669514975,5.8956859588623045,0.5387899875640869,True
FD004,rast_gru,RAST-GRU,2026,20.0,5.0,40,2,0.05,2.744403839111328,3.4251733779907227,0.1372201919555664,True
FD004,rast_gru,RAST-GRU,2026,30.0,0.0,53,20,0.37735849056603776,4.912328624725342,12.475358200073245,1.8537089149906951,True
FD004,rast_gru,RAST-GRU,2026,30.0,0.5,53,20,0.37735849056603776,4.412328624725342,11.975358200073245,1.665029669707676,True
FD004,rast_gru,RAST-GRU,2026,30.0,1.0,53,19,0.3584905660377358,4.136308670043945,11.64156188964843,1.4828276364308484,True
FD004,rast_gru,RAST-GRU,2026,30.0,2.0,53,15,0.2830188679245283,4.075607426961263,11.306376647949214,1.1534738000833764,True
FD004,rast_gru,RAST-GRU,2026,30.0,5.0,53,7,0.1320754716981132,4.1353912353515625,9.636006164550778,0.5461837480653007,True
FD004,rast_gru,RAST-GRU,2026,40.0,0.0,69,26,0.37681159420289856,5.152459291311411,11.451336860656738,1.9415063996245896,True
FD004,rast_gru,RAST-GRU,2026,40.0,0.5,69,26,0.37681159420289856,4.652459291311411,10.951336860656738,1.7531006025231404,True
FD004,rast_gru,RAST-GRU,2026,40.0,1.0,69,24,0.34782608695652173,4.517184654871623,10.794463920593255,1.5711946625640427,True
FD004,rast_gru,RAST-GRU,2026,40.0,2.0,69,20,0.2898550724637681,4.2978339195251465,10.475358200073245,1.245748962181202,True
FD004,rast_gru,RAST-GRU,2026,40.0,5.0,69,12,0.17391304347826086,3.2308588027954106,8.804987716674802,0.5618884874426802,True
FD004,rast_gru,RAST-GRU,2026,50.0,0.0,80,33,0.4125,6.061513553966176,16.022690582275388,2.5003743410110473,True
FD004,rast_gru,RAST-GRU,2026,50.0,0.5,80,32,0.4,5.7451459765434265,15.571373367309569,2.2980583906173706,True
FD004,rast_gru,RAST-GRU,2026,50.0,1.0,80,30,0.375,5.6097720464070635,15.168738937377928,2.103664517402649,True
FD004,rast_gru,RAST-GRU,2026,50.0,2.0,80,25,0.3125,5.602602462768556,14.412152862548826,1.7508132696151733,True
FD004,rast_gru,RAST-GRU,2026,50.0,5.0,80,16,0.2,4.920539855957032,12.569045066833496,0.9841079711914065,True
