evidence_level,operating_point,comparator,scenario,metric,mean_curve_difference_point_minus_rast,crossed_bootstrap_ci95_low,crossed_bootstrap_ci95_high,bootstrap_sign_proportion_point_lower,centered_bootstrap_p,training_seed_count,perturbation_seed_count,matched_test_engine_count,bootstrap_repetitions,resampling_design,multiplicity_family,holm_adjusted_p_54,adjusted_evidence_status
RETROSPECTIVE SENSITIVITY,Core,RAST,gaussian_noise,rmse,0.5803724206621581,-0.4225170052724885,1.6504322764583699,0.14066666666666666,0.28257247584138623,5,5,248,3000,crossed training-seed x perturbation-seed x matched-engine bootstrap,2 operating points x 9 algorithmic perturbation families x 3 metrics,1.0,unresolved after Holm
RETROSPECTIVE SENSITIVITY,Core,RAST,gaussian_noise,critical_30_late_prediction_ratio,-0.085622641509434,-0.20319544044665006,0.014156991239892175,0.9536666666666667,0.11262912362545818,5,5,248,3000,crossed training-seed x perturbation-seed x matched-engine bootstrap,2 operating points x 9 algorithmic perturbation families x 3 metrics,1.0,unresolved after Holm
RETROSPECTIVE SENSITIVITY,Core,RAST,gaussian_noise,critical_30_mean_late_excess,-0.45280729356801747,-1.1532343958738676,0.051438381843383854,0.9583333333333334,0.12029323558813729,5,5,248,3000,crossed training-seed x perturbation-seed x matched-engine bootstrap,2 operating points x 9 algorithmic perturbation families x 3 metrics,1.0,unresolved after Holm
RETROSPECTIVE SENSITIVITY,Asym,RAST,gaussian_noise,rmse,1.0806007841475207,-0.2462644015283913,2.2315225078844168,0.049666666666666665,0.08430523158947018,5,5,248,3000,crossed training-seed x perturbation-seed x matched-engine bootstrap,2 operating points x 9 algorithmic perturbation families x 3 metrics,1.0,unresolved after Holm
RETROSPECTIVE SENSITIVITY,Asym,RAST,gaussian_noise,critical_30_late_prediction_ratio,-0.07909433962264151,-0.18608473076923068,0.0066504705882353115,0.9646666666666667,0.10496501166277908,5,5,248,3000,crossed training-seed x perturbation-seed x matched-engine bootstrap,2 operating points x 9 algorithmic perturbation families x 3 metrics,1.0,unresolved after Holm
RETROSPECTIVE SENSITIVITY,Asym,RAST,gaussian_noise,critical_30_mean_late_excess,-0.3672662119595511,-0.9681712628747329,0.07706476229469278,0.9406666666666667,0.15194935021659448,5,5,248,3000,crossed training-seed x perturbation-seed x matched-engine bootstrap,2 operating points x 9 algorithmic perturbation families x 3 metrics,1.0,unresolved after Holm
RETROSPECTIVE SENSITIVITY,Core,RAST,global_sensor_missing,rmse,0.6795163065547207,-0.5189528368590939,1.9858704047016231,0.12833333333333333,0.26491169610129955,5,5,248,3000,crossed training-seed x perturbation-seed x matched-engine bootstrap,2 operating points x 9 algorithmic perturbation families x 3 metrics,1.0,unresolved after Holm
RETROSPECTIVE SENSITIVITY,Core,RAST,global_sensor_missing,critical_30_late_prediction_ratio,0.048773584905660194,-0.00892221362229101,0.1087527412280702,0.04666666666666667,0.10229923358880373,5,5,248,3000,crossed training-seed x perturbation-seed x matched-engine bootstrap,2 operating points x 9 algorithmic perturbation families x 3 metrics,1.0,unresolved after Holm
RETROSPECTIVE SENSITIVITY,Core,RAST,global_sensor_missing,critical_30_mean_late_excess,2.733295170586066,1.1872146789749933,4.487177671043723,0.0,0.0036654448517160947,5,5,248,3000,crossed training-seed x perturbation-seed x matched-engine bootstrap,2 operating points x 9 algorithmic perturbation families x 3 metrics,0.18327224258580474,unresolved after Holm
RETROSPECTIVE SENSITIVITY,Asym,RAST,global_sensor_missing,rmse,0.9889247147432592,0.3365061218298737,1.6428270171632713,0.005,0.007330889703432189,5,5,248,3000,crossed training-seed x perturbation-seed x matched-engine bootstrap,2 operating points x 9 algorithmic perturbation families x 3 metrics,0.35921359546817727,unresolved after Holm
RETROSPECTIVE SENSITIVITY,Asym,RAST,global_sensor_missing,critical_30_late_prediction_ratio,0.036415094339622534,-0.003723456403838013,0.08235752467105273,0.04066666666666666,0.09630123292235922,5,5,248,3000,crossed training-seed x perturbation-seed x matched-engine bootstrap,2 operating points x 9 algorithmic perturbation families x 3 metrics,1.0,unresolved after Holm
RETROSPECTIVE SENSITIVITY,Asym,RAST,global_sensor_missing,critical_30_mean_late_excess,3.063313866966176,2.0478193938374503,4.041934961957238,0.0,0.0003332222592469177,5,5,248,3000,crossed training-seed x perturbation-seed x matched-engine bootstrap,2 operating points x 9 algorithmic perturbation families x 3 metrics,0.017994001999333556,Holm: lower RAST
RETROSPECTIVE SENSITIVITY,Core,RAST,window_random_missing,rmse,0.8300931728430001,-0.2721844969989489,2.057860350998401,0.07233333333333333,0.1509496834388537,5,5,248,3000,crossed training-seed x perturbation-seed x matched-engine bootstrap,2 operating points x 9 algorithmic perturbation families x 3 metrics,1.0,unresolved after Holm
RETROSPECTIVE SENSITIVITY,Core,RAST,window_random_missing,critical_30_late_prediction_ratio,0.037735849056603765,-0.013273611111111146,0.09137459893048124,0.07333333333333333,0.15328223925358214,5,5,248,3000,crossed training-seed x perturbation-seed x matched-engine bootstrap,2 operating points x 9 algorithmic perturbation families x 3 metrics,1.0,unresolved after Holm
RETROSPECTIVE SENSITIVITY,Core,RAST,window_random_missing,critical_30_mean_late_excess,2.6300724919337144,1.263551213654979,4.069987610889043,0.0,0.0003332222592469177,5,5,248,3000,crossed training-seed x perturbation-seed x matched-engine bootstrap,2 operating points x 9 algorithmic perturbation families x 3 metrics,0.017994001999333556,Holm: lower RAST
RETROSPECTIVE SENSITIVITY,Asym,RAST,window_random_missing,rmse,1.150308795305289,0.5095780144692658,1.8049845851057502,0.0013333333333333333,0.003332222592469177,5,5,248,3000,crossed training-seed x perturbation-seed x matched-engine bootstrap,2 operating points x 9 algorithmic perturbation families x 3 metrics,0.16994335221592805,unresolved after Holm
RETROSPECTIVE SENSITIVITY,Asym,RAST,window_random_missing,critical_30_late_prediction_ratio,0.03830188679245283,-0.0020171963946869595,0.0844756813909774,0.03266666666666666,0.07864045318227257,5,5,248,3000,crossed training-seed x perturbation-seed x matched-engine bootstrap,2 operating points x 9 algorithmic perturbation families x 3 metrics,1.0,unresolved after Holm
RETROSPECTIVE SENSITIVITY,Asym,RAST,window_random_missing,critical_30_mean_late_excess,3.09230224658858,2.270304765990226,3.9487714245224033,0.0,0.0003332222592469177,5,5,248,3000,crossed training-seed x perturbation-seed x matched-engine bootstrap,2 operating points x 9 algorithmic perturbation families x 3 metrics,0.017994001999333556,Holm: lower RAST
RETROSPECTIVE SENSITIVITY,Core,RAST,block_missing,rmse,0.4082715062936302,-0.8340353736097302,1.514406496447043,0.21466666666666667,0.4618460513162279,5,5,248,3000,crossed training-seed x perturbation-seed x matched-engine bootstrap,2 operating points x 9 algorithmic perturbation families x 3 metrics,1.0,unresolved after Holm
RETROSPECTIVE SENSITIVITY,Core,RAST,block_missing,critical_30_late_prediction_ratio,-0.09056603773584906,-0.19065188434048086,0.0025188024109014232,0.972,0.06431189603465512,5,5,248,3000,crossed training-seed x perturbation-seed x matched-engine bootstrap,2 operating points x 9 algorithmic perturbation families x 3 metrics,1.0,unresolved after Holm
RETROSPECTIVE SENSITIVITY,Core,RAST,block_missing,critical_30_mean_late_excess,-0.38684547658236523,-1.1113105173888413,0.30235518750683266,0.8893333333333333,0.2355881372875708,5,5,248,3000,crossed training-seed x perturbation-seed x matched-engine bootstrap,2 operating points x 9 algorithmic perturbation families x 3 metrics,1.0,unresolved after Holm
RETROSPECTIVE SENSITIVITY,Asym,RAST,block_missing,rmse,0.962658972044391,-0.5174366898856898,2.2929996125949628,0.08933333333333333,0.16627790736421194,5,5,248,3000,crossed training-seed x perturbation-seed x matched-engine bootstrap,2 operating points x 9 algorithmic perturbation families x 3 metrics,1.0,unresolved after Holm
RETROSPECTIVE SENSITIVITY,Asym,RAST,block_missing,critical_30_late_prediction_ratio,-0.0879245283018868,-0.18050414078674948,-0.0076964994775339645,0.9853333333333333,0.04931689436854382,5,5,248,3000,crossed training-seed x perturbation-seed x matched-engine bootstrap,2 operating points x 9 algorithmic perturbation families x 3 metrics,1.0,unresolved after Holm
RETROSPECTIVE SENSITIVITY,Asym,RAST,block_missing,critical_30_mean_late_excess,-0.3521367921769244,-0.9929487634830712,0.14181041355032364,0.916,0.19726757747417528,5,5,248,3000,crossed training-seed x perturbation-seed x matched-engine bootstrap,2 operating points x 9 algorithmic perturbation families x 3 metrics,1.0,unresolved after Holm
RETROSPECTIVE SENSITIVITY,Core,RAST,correlated_group_missing,rmse,0.12794458502052564,-1.1051542782239288,1.183149285115592,0.385,0.8027324225258248,5,5,248,3000,crossed training-seed x perturbation-seed x matched-engine bootstrap,2 operating points x 9 algorithmic perturbation families x 3 metrics,1.0,unresolved after Holm
RETROSPECTIVE SENSITIVITY,Core,RAST,correlated_group_missing,critical_30_late_prediction_ratio,-0.01471698113207548,-0.11069346769582622,0.0741300186741363,0.6126666666666667,0.7504165278240587,5,5,248,3000,crossed training-seed x perturbation-seed x matched-engine bootstrap,2 operating points x 9 algorithmic perturbation families x 3 metrics,1.0,unresolved after Holm
RETROSPECTIVE SENSITIVITY,Core,RAST,correlated_group_missing,critical_30_mean_late_excess,0.16124532447671003,-0.5630643881029349,0.902817299621694,0.3423333333333333,0.6724425191602799,5,5,248,3000,crossed training-seed x perturbation-seed x matched-engine bootstrap,2 operating points x 9 algorithmic perturbation families x 3 metrics,1.0,unresolved after Holm
RETROSPECTIVE SENSITIVITY,Asym,RAST,correlated_group_missing,rmse,0.7493064966669678,-0.9120996224742199,2.348062725089488,0.16933333333333334,0.33088970343218926,5,5,248,3000,crossed training-seed x perturbation-seed x matched-engine bootstrap,2 operating points x 9 algorithmic perturbation families x 3 metrics,1.0,unresolved after Holm
RETROSPECTIVE SENSITIVITY,Asym,RAST,correlated_group_missing,critical_30_late_prediction_ratio,0.0011320754716980796,-0.08806249999999995,0.08112414965986407,0.47533333333333333,0.9790069976674441,5,5,248,3000,crossed training-seed x perturbation-seed x matched-engine bootstrap,2 operating points x 9 algorithmic perturbation families x 3 metrics,1.0,unresolved after Holm
RETROSPECTIVE SENSITIVITY,Asym,RAST,correlated_group_missing,critical_30_mean_late_excess,0.3812664212520769,-0.32235616793524124,1.0952775839141944,0.13433333333333333,0.27924025324891705,5,5,248,3000,crossed training-seed x perturbation-seed x matched-engine bootstrap,2 operating points x 9 algorithmic perturbation families x 3 metrics,1.0,unresolved after Holm
RETROSPECTIVE SENSITIVITY,Core,RAST,sensor_drift,rmse,0.5147441972060633,-0.5364109072585782,1.5211107385954332,0.16366666666666665,0.3185604798400533,5,5,248,3000,crossed training-seed x perturbation-seed x matched-engine bootstrap,2 operating points x 9 algorithmic perturbation families x 3 metrics,1.0,unresolved after Holm
RETROSPECTIVE SENSITIVITY,Core,RAST,sensor_drift,critical_30_late_prediction_ratio,-0.102377358490566,-0.2103644230769231,-0.013575583982202422,0.9873333333333333,0.0433188937020993,5,5,248,3000,crossed training-seed x perturbation-seed x matched-engine bootstrap,2 operating points x 9 algorithmic perturbation families x 3 metrics,1.0,unresolved after Holm
RETROSPECTIVE SENSITIVITY,Core,RAST,sensor_drift,critical_30_mean_late_excess,-0.4966633172665002,-1.2391360453667788,0.046296914846497624,0.9586666666666667,0.1149616794401866,5,5,248,3000,crossed training-seed x perturbation-seed x matched-engine bootstrap,2 operating points x 9 algorithmic perturbation families x 3 metrics,1.0,unresolved after Holm
RETROSPECTIVE SENSITIVITY,Asym,RAST,sensor_drift,rmse,1.0367781231791469,-0.22042598535848373,2.1609318641405277,0.05333333333333334,0.08797067644118627,5,5,248,3000,crossed training-seed x perturbation-seed x matched-engine bootstrap,2 operating points x 9 algorithmic perturbation families x 3 metrics,1.0,unresolved after Holm
RETROSPECTIVE SENSITIVITY,Asym,RAST,sensor_drift,critical_30_late_prediction_ratio,-0.09958490566037734,-0.21096888888888896,-0.012232801595214301,0.9903333333333333,0.04665111629456848,5,5,248,3000,crossed training-seed x perturbation-seed x matched-engine bootstrap,2 operating points x 9 algorithmic perturbation families x 3 metrics,1.0,unresolved after Holm
RETROSPECTIVE SENSITIVITY,Asym,RAST,sensor_drift,critical_30_mean_late_excess,-0.41915073407371084,-1.0514952404054203,0.04901435345411301,0.956,0.12262579140286571,5,5,248,3000,crossed training-seed x perturbation-seed x matched-engine bootstrap,2 operating points x 9 algorithmic perturbation families x 3 metrics,1.0,unresolved after Holm
RETROSPECTIVE SENSITIVITY,Core,RAST,sensor_bias_shift,rmse,0.5189869538732275,-0.6683776383466535,1.6109473326571404,0.171,0.34121959346884373,5,5,248,3000,crossed training-seed x perturbation-seed x matched-engine bootstrap,2 operating points x 9 algorithmic perturbation families x 3 metrics,1.0,unresolved after Holm
RETROSPECTIVE SENSITIVITY,Core,RAST,sensor_bias_shift,critical_30_late_prediction_ratio,-0.1083773584905661,-0.22526203703703693,-0.007771245283018861,0.9846666666666667,0.048317227590803064,5,5,248,3000,crossed training-seed x perturbation-seed x matched-engine bootstrap,2 operating points x 9 algorithmic perturbation families x 3 metrics,1.0,unresolved after Holm
RETROSPECTIVE SENSITIVITY,Core,RAST,sensor_bias_shift,critical_30_mean_late_excess,-0.4529305468145407,-1.4460937192576762,0.47423017453306077,0.8496666666666667,0.3148950349883372,5,5,248,3000,crossed training-seed x perturbation-seed x matched-engine bootstrap,2 operating points x 9 algorithmic perturbation families x 3 metrics,1.0,unresolved after Holm
RETROSPECTIVE SENSITIVITY,Asym,RAST,sensor_bias_shift,rmse,0.8459569419299235,-0.39490128351716436,1.9368690525232368,0.079,0.14928357214261911,5,5,248,3000,crossed training-seed x perturbation-seed x matched-engine bootstrap,2 operating points x 9 algorithmic perturbation families x 3 metrics,1.0,unresolved after Holm
RETROSPECTIVE SENSITIVITY,Asym,RAST,sensor_bias_shift,critical_30_late_prediction_ratio,-0.12196226415094344,-0.2561921440823327,-0.024123695286195228,0.996,0.03865378207264245,5,5,248,3000,crossed training-seed x perturbation-seed x matched-engine bootstrap,2 operating points x 9 algorithmic perturbation families x 3 metrics,1.0,unresolved after Holm
RETROSPECTIVE SENSITIVITY,Asym,RAST,sensor_bias_shift,critical_30_mean_late_excess,-0.5464556158533634,-1.3717622447116353,-0.012686115828891764,0.9803333333333333,0.09963345551482838,5,5,248,3000,crossed training-seed x perturbation-seed x matched-engine bootstrap,2 operating points x 9 algorithmic perturbation families x 3 metrics,1.0,unresolved after Holm
RETROSPECTIVE SENSITIVITY,Core,RAST,stuck_at_fault,rmse,0.27128780249234197,-0.6550544988410065,1.1587200083382587,0.25433333333333336,0.5331556147950683,5,5,248,3000,crossed training-seed x perturbation-seed x matched-engine bootstrap,2 operating points x 9 algorithmic perturbation families x 3 metrics,1.0,unresolved after Holm
RETROSPECTIVE SENSITIVITY,Core,RAST,stuck_at_fault,critical_30_late_prediction_ratio,-0.07798742138364773,-0.17202795933188092,0.01800370370370368,0.9423333333333334,0.11129623458847052,5,5,248,3000,crossed training-seed x perturbation-seed x matched-engine bootstrap,2 operating points x 9 algorithmic perturbation families x 3 metrics,1.0,unresolved after Holm
RETROSPECTIVE SENSITIVITY,Core,RAST,stuck_at_fault,critical_30_mean_late_excess,-0.5001643368583064,-1.409304184963245,0.482021118688884,0.8433333333333334,0.299566811062979,5,5,248,3000,crossed training-seed x perturbation-seed x matched-engine bootstrap,2 operating points x 9 algorithmic perturbation families x 3 metrics,1.0,unresolved after Holm
RETROSPECTIVE SENSITIVITY,Asym,RAST,stuck_at_fault,rmse,0.5433325299771745,-0.5311970790866002,1.5254726672671386,0.13566666666666666,0.275241586137954,5,5,248,3000,crossed training-seed x perturbation-seed x matched-engine bootstrap,2 operating points x 9 algorithmic perturbation families x 3 metrics,1.0,unresolved after Holm
RETROSPECTIVE SENSITIVITY,Asym,RAST,stuck_at_fault,critical_30_late_prediction_ratio,-0.10352201257861632,-0.21026198257080617,-0.021495415557527427,0.996,0.030989670109963344,5,5,248,3000,crossed training-seed x perturbation-seed x matched-engine bootstrap,2 operating points x 9 algorithmic perturbation families x 3 metrics,1.0,unresolved after Holm
RETROSPECTIVE SENSITIVITY,Asym,RAST,stuck_at_fault,critical_30_mean_late_excess,-0.6135547963628234,-1.470134827370998,0.09453675540938933,0.949,0.1169610129956681,5,5,248,3000,crossed training-seed x perturbation-seed x matched-engine bootstrap,2 operating points x 9 algorithmic perturbation families x 3 metrics,1.0,unresolved after Holm
RETROSPECTIVE SENSITIVITY,Core,RAST,burst_noise,rmse,0.4777766791367668,-0.6339930946872337,1.5520212681588386,0.19133333333333333,0.36254581806064645,5,5,248,3000,crossed training-seed x perturbation-seed x matched-engine bootstrap,2 operating points x 9 algorithmic perturbation families x 3 metrics,1.0,unresolved after Holm
RETROSPECTIVE SENSITIVITY,Core,RAST,burst_noise,critical_30_late_prediction_ratio,-0.11596226415094338,-0.2232292833146697,-0.012766127450980371,0.987,0.030989670109963344,5,5,248,3000,crossed training-seed x perturbation-seed x matched-engine bootstrap,2 operating points x 9 algorithmic perturbation families x 3 metrics,1.0,unresolved after Holm
RETROSPECTIVE SENSITIVITY,Core,RAST,burst_noise,critical_30_mean_late_excess,-0.49953420117216274,-1.174556242989788,0.08340740903509504,0.955,0.109296901032989,5,5,248,3000,crossed training-seed x perturbation-seed x matched-engine bootstrap,2 operating points x 9 algorithmic perturbation families x 3 metrics,1.0,unresolved after Holm
RETROSPECTIVE SENSITIVITY,Asym,RAST,burst_noise,rmse,0.8809754672739487,-0.5503886712279976,2.1397745072262633,0.104,0.18393868710429856,5,5,248,3000,crossed training-seed x perturbation-seed x matched-engine bootstrap,2 operating points x 9 algorithmic perturbation families x 3 metrics,1.0,unresolved after Holm
RETROSPECTIVE SENSITIVITY,Asym,RAST,burst_noise,critical_30_late_prediction_ratio,-0.11554716981132074,-0.21177870370370372,-0.027832541666666617,0.9966666666666667,0.013995334888370544,5,5,248,3000,crossed training-seed x perturbation-seed x matched-engine bootstrap,2 operating points x 9 algorithmic perturbation families x 3 metrics,0.6717760746417861,unresolved after Holm
RETROSPECTIVE SENSITIVITY,Asym,RAST,burst_noise,critical_30_mean_late_excess,-0.4285545600855125,-1.0346103542724225,0.04585202969187492,0.9586666666666667,0.11029656781072976,5,5,248,3000,crossed training-seed x perturbation-seed x matched-engine bootstrap,2 operating points x 9 algorithmic perturbation families x 3 metrics,1.0,unresolved after Holm
