candidate,late_life_weight,late_over_weight,development_seed,reported_selection_score,recomputed_selection_score,endpoint_bootstrap_selection_count,endpoint_bootstrap_selection_frequency,bootstrap_mean_rank,bootstrap_rank_q05,bootstrap_rank_q95,matched_validation_engines,bootstrap_repetitions,rng_seed,scope
tuning_risk_v3_ll1p25_lo1p00,1.25,1.0,31415,0.1633693389163809,0.1633693389163809,156,0.0156,5.8643,3.0,8.0,50,10000,2026072808,"same fitted candidates and development split; endpoint-resampling diagnostic, not training-stream selection stability"
tuning_risk_v3_ll1p25_lo1p25,1.25,1.25,31415,0.16115523566748327,0.16115523566748324,213,0.0213,5.342,2.0,8.0,50,10000,2026072808,"same fitted candidates and development split; endpoint-resampling diagnostic, not training-stream selection stability"
tuning_risk_v3_ll1p25_lo1p50,1.25,1.5,31415,0.1365864962265666,0.1365864962265666,3527,0.3527,2.3072,1.0,5.0,50,10000,2026072808,"same fitted candidates and development split; endpoint-resampling diagnostic, not training-stream selection stability"
tuning_risk_v3_ll1p50_lo1p00,1.5,1.0,31415,0.13799705854010322,0.13799705854010322,1864,0.1864,2.5201,1.0,5.0,50,10000,2026072808,"same fitted candidates and development split; endpoint-resampling diagnostic, not training-stream selection stability"
tuning_risk_v3_ll1p50_lo1p25,1.5,1.25,31415,0.16602454387160123,0.1660245438716012,6,0.0006,6.6659,4.0,9.0,50,10000,2026072808,"same fitted candidates and development split; endpoint-resampling diagnostic, not training-stream selection stability"
tuning_risk_v3_ll1p50_lo1p50,1.5,1.5,31415,0.15567209338976937,0.1556720933897694,1738,0.1738,4.3118,1.0,8.0,50,10000,2026072808,"same fitted candidates and development split; endpoint-resampling diagnostic, not training-stream selection stability"
tuning_risk_v3_ll2p00_lo1p00,2.0,1.0,31415,0.14446341917647082,0.14446341917647082,2291,0.2291,3.6933,1.0,9.0,50,10000,2026072808,"same fitted candidates and development split; endpoint-resampling diagnostic, not training-stream selection stability"
tuning_risk_v3_ll2p00_lo1p25,2.0,1.25,31415,0.16550882321698637,0.1655088232169864,19,0.0019,6.608,4.0,9.0,50,10000,2026072808,"same fitted candidates and development split; endpoint-resampling diagnostic, not training-stream selection stability"
tuning_risk_v3_ll2p00_lo1p50,2.0,1.5,31415,0.18169132945927907,0.18169132945927907,186,0.0186,7.6874,3.0,9.0,50,10000,2026072808,"same fitted candidates and development split; endpoint-resampling diagnostic, not training-stream selection stability"
