normalization,seed,q,epsilon_fraction,J,J_plus_1,J_plus_1_minus_J_delta_lpr
global,42,0.05,0.0,0.08333333333333337,0.08333333333333337,0.0
global,42,0.05,0.02,-0.08333333333333337,-0.11111111111111116,-0.02777777777777779
global,42,0.05,0.05,-0.29166666666666663,-0.29166666666666663,0.0
global,42,0.1,0.0,-0.06628787878787878,-0.06628787878787878,0.0
global,42,0.1,0.02,-0.16310160427807485,-0.17780748663101598,-0.014705882352941124
global,42,0.1,0.05,-0.15508021390374332,-0.15508021390374332,0.0
global,42,0.2,0.0,-0.12962793813177442,-0.12962793813177442,0.0
global,42,0.2,0.02,-0.15967908902691513,-0.15616246498599434,0.0035166240409207905
global,42,0.2,0.05,-0.0780812324929972,-0.0780812324929972,0.0
global,123,0.05,0.0,0.0,0.0,0.0
global,123,0.05,0.02,0.0,0.0,0.0
global,123,0.05,0.05,0.0,0.0,0.0
global,123,0.1,0.0,0.0,0.0,0.0
global,123,0.1,0.02,0.0,0.0,0.0
global,123,0.1,0.05,-0.02941176470588236,-0.02941176470588236,0.0
global,123,0.2,0.0,-0.051470588235294046,-0.051470588235294046,0.0
global,123,0.2,0.02,-0.08407928388746799,-0.08407928388746799,0.0
global,123,0.2,0.05,-0.15240226525392764,-0.15240226525392764,0.0
global,2024,0.05,0.0,0.0,0.0,0.0
global,2024,0.05,0.02,0.0,0.0,0.0
global,2024,0.05,0.05,0.0,0.0,0.0
global,2024,0.1,0.0,0.0,0.0,0.0
global,2024,0.1,0.02,0.0,0.0,0.0
global,2024,0.1,0.05,-0.02941176470588236,-0.044117647058823595,-0.014705882352941235
global,2024,0.2,0.0,-0.0402813299232736,-0.0402813299232736,0.0
global,2024,0.2,0.02,-0.08479478748020952,-0.08479478748020952,0.0
global,2024,0.2,0.05,-0.1240256972354159,-0.13137863841188657,-0.007352941176470673
global,2025,0.05,0.0,0.09722222222222221,0.09722222222222221,0.0
global,2025,0.05,0.02,0.18055555555555552,0.18055555555555552,0.0
global,2025,0.05,0.05,0.0,0.0,0.0
global,2025,0.1,0.0,0.08700980392156876,0.08700980392156876,0.0
global,2025,0.1,0.02,0.1409313725490196,0.1409313725490196,0.0
global,2025,0.1,0.05,0.0,0.0,0.0
global,2025,0.2,0.0,0.059782608695652106,0.059782608695652106,0.0
global,2025,0.2,0.02,0.015664961636828678,0.015664961636828678,0.0
global,2025,0.2,0.05,-0.016666666666666663,-0.016666666666666663,0.0
global,2026,0.05,0.0,-0.45833333333333337,-0.45833333333333337,0.0
global,2026,0.05,0.02,-0.5,-0.5,0.0
global,2026,0.05,0.05,-0.5,-0.5,0.0
global,2026,0.1,0.0,-0.40909090909090906,-0.40909090909090906,0.0
global,2026,0.1,0.02,-0.5,-0.5,0.0
global,2026,0.1,0.05,-0.5,-0.5,0.0
global,2026,0.2,0.0,-0.2866581415174766,-0.2866581415174766,0.0
global,2026,0.2,0.02,-0.4278559249786871,-0.4387254901960784,-0.010869565217391353
global,2026,0.2,0.05,-0.5185421994884911,-0.5185421994884911,0.0
temperature,42,0.05,0.0,0.20833333333333326,0.20833333333333326,0.0
temperature,42,0.05,0.02,-0.3194444444444444,-0.3194444444444444,0.0
temperature,42,0.05,0.05,-0.25,-0.25,0.0
temperature,42,0.1,0.0,0.10968137254901955,0.10968137254901955,0.0
temperature,42,0.1,0.02,-0.4037433155080214,-0.4037433155080214,0.0
temperature,42,0.1,0.05,-0.25,-0.25,0.0
temperature,42,0.2,0.0,0.008844842284739918,0.008844842284739918,0.0
temperature,42,0.2,0.02,-0.2734593837535014,-0.2734593837535014,0.0
temperature,42,0.2,0.05,-0.18452380952380953,-0.18452380952380953,0.0
temperature,123,0.05,0.0,0.0,0.0,0.0
temperature,123,0.05,0.02,0.25,0.25,0.0
temperature,123,0.05,0.05,0.0,0.0,0.0
temperature,123,0.1,0.0,-0.08333333333333348,-0.08333333333333348,0.0
temperature,123,0.1,0.02,0.125,0.125,0.0
temperature,123,0.1,0.05,0.0,0.0,0.0
temperature,123,0.2,0.0,-0.04814578005115089,-0.04814578005115089,0.0
temperature,123,0.2,0.02,0.05931372549019609,0.05931372549019609,0.0
temperature,123,0.2,0.05,0.0,0.0,0.0
temperature,2024,0.05,0.0,-0.18055555555555558,-0.18055555555555558,0.0
temperature,2024,0.05,0.02,-0.05555555555555558,-0.05555555555555558,0.0
temperature,2024,0.05,0.05,-0.03472222222222221,0.02777777777777779,0.0625
temperature,2024,0.1,0.0,-0.10962566844919786,-0.10962566844919786,0.0
temperature,2024,0.1,0.02,-0.02623663101604279,-0.02623663101604279,0.0
temperature,2024,0.1,0.05,-0.01654411764705882,0.01470588235294118,0.03125
temperature,2024,0.2,0.0,-0.15721288515406162,-0.15721288515406162,0.0
temperature,2024,0.2,0.02,-0.01322007063695041,0.0034465960297162535,0.016666666666666663
temperature,2024,0.2,0.05,0.012425404944586528,0.029092071611253198,0.01666666666666667
temperature,2025,0.05,0.0,-0.05555555555555547,-0.05555555555555547,0.0
temperature,2025,0.05,0.02,-0.06944444444444445,-0.06944444444444445,0.0
temperature,2025,0.05,0.05,-0.0625,0.0,0.0625
temperature,2025,0.1,0.0,-0.13909313725490197,-0.13909313725490197,0.0
temperature,2025,0.1,0.02,-0.03308823529411764,-0.03308823529411764,0.0
temperature,2025,0.1,0.05,-0.03125,0.0,0.03125
temperature,2025,0.2,0.0,-0.16820728291316522,-0.16820728291316522,0.0
temperature,2025,0.2,0.02,-0.07504567044208987,-0.07504567044208987,0.0
temperature,2025,0.2,0.05,-0.04927536231884058,-0.03260869565217391,0.01666666666666667
temperature,2026,0.05,0.0,0.5833333333333333,0.5833333333333333,0.0
temperature,2026,0.05,0.02,0.5833333333333333,0.5833333333333333,0.0
temperature,2026,0.05,0.05,0.3611111111111111,0.3611111111111111,0.0
temperature,2026,0.1,0.0,0.5747549019607843,0.5747549019607843,0.0
temperature,2026,0.1,0.02,0.45343137254901955,0.45343137254901955,0.0
temperature,2026,0.1,0.05,0.19518716577540107,0.19518716577540107,0.0
temperature,2026,0.2,0.0,0.4034618195104128,0.4034618195104128,0.0
temperature,2026,0.2,0.02,0.3688740713676776,0.3569693094629156,-0.011904761904761973
temperature,2026,0.2,0.05,0.10084033613445378,0.10084033613445378,0.0
